,store_id,dept_id,year,month,sell_price,snap_WI,sales,lag_1,lag_2,lag_3,store_id_index,year_index,features
0,WI_1,HOUSEHOLD_2,2011,1,1.7451427262895642,0,5.8998973535824915,0.0,0.0,0.0,0.0,0.0,"(8,[0,1],[1.0,1.7451427262895642])"
1,WI_1,HOUSEHOLD_2,2011,2,1.745142726289564,5150,8.001689978099135,5.8998973535824915,0.0,0.0,0.0,0.0,"(8,[0,1,2,3],[2.0,1.745142726289564,5150.0,5.8998973535824915])"
2,WI_1,HOUSEHOLD_2,2011,3,1.745142726289565,5150,8.09009578318096,8.001689978099135,5.8998973535824915,0.0,0.0,0.0,"[3.0,1.745142726289565,5150.0,8.001689978099135,5.8998973535824915,0.0,0.0,0.0]"
3,WI_1,HOUSEHOLD_2,2011,4,1.7451427262895647,5150,8.041412909393047,8.09009578318096,8.001689978099135,5.8998973535824915,0.0,0.0,"[4.0,1.7451427262895647,5150.0,8.09009578318096,8.001689978099135,5.8998973535824915,0.0,0.0]"
4,WI_1,HOUSEHOLD_2,2011,5,1.745142726289565,5150,8.038512020976814,8.041412909393047,8.09009578318096,8.001689978099135,0.0,0.0,"[5.0,1.745142726289565,5150.0,8.041412909393047,8.09009578318096,8.001689978099135,0.0,0.0]"
5,WI_1,HOUSEHOLD_2,2011,6,1.7451427262895647,5150,7.972810784121404,8.038512020976814,8.041412909393047,8.09009578318096,0.0,0.0,"[6.0,1.7451427262895647,5150.0,8.038512020976814,8.041412909393047,8.09009578318096,0.0,0.0]"
6,WI_1,HOUSEHOLD_2,2011,7,1.745142726289565,5150,7.958227192322312,7.972810784121404,8.038512020976814,8.041412909393047,0.0,0.0,"[7.0,1.745142726289565,5150.0,7.972810784121404,8.038512020976814,8.041412909393047,0.0,0.0]"
7,WI_1,HOUSEHOLD_2,2011,8,1.745142726289565,5150,7.988542982737695,7.958227192322312,7.972810784121404,8.038512020976814,0.0,0.0,"[8.0,1.745142726289565,5150.0,7.958227192322312,7.972810784121404,8.038512020976814,0.0,0.0]"
8,WI_1,HOUSEHOLD_2,2011,9,1.7451427262895647,5150,7.935945103353701,7.988542982737695,7.958227192322312,7.972810784121404,0.0,0.0,"[9.0,1.7451427262895647,5150.0,7.988542982737695,7.958227192322312,7.972810784121404,0.0,0.0]"
9,WI_1,HOUSEHOLD_2,2011,10,1.745142726289565,5150,8.003697339094368,7.935945103353701,7.988542982737695,7.958227192322312,0.0,0.0,"[10.0,1.745142726289565,5150.0,7.935945103353701,7.988542982737695,7.958227192322312,0.0,0.0]"
10,WI_1,HOUSEHOLD_2,2011,11,1.7451427262895647,5150,7.919719760924575,8.003697339094368,7.935945103353701,7.988542982737695,0.0,0.0,"[11.0,1.7451427262895647,5150.0,8.003697339094368,7.935945103353701,7.988542982737695,0.0,0.0]"
11,WI_1,HOUSEHOLD_2,2011,12,1.745142726289565,5150,8.005033344637111,7.919719760924575,8.003697339094368,7.935945103353701,0.0,0.0,"[12.0,1.745142726289565,5150.0,7.919719760924575,8.003697339094368,7.935945103353701,0.0,0.0]"
12,WI_1,HOUSEHOLD_2,2012,1,1.745142726289565,5150,7.9714309977693505,8.005033344637111,7.919719760924575,8.003697339094368,0.0,1.0,"[1.0,1.745142726289565,5150.0,8.005033344637111,7.919719760924575,8.003697339094368,0.0,1.0]"
13,WI_1,HOUSEHOLD_2,2012,2,1.745142726289564,5150,8.165932137321585,7.9714309977693505,8.005033344637111,7.919719760924575,0.0,1.0,"[2.0,1.745142726289564,5150.0,7.9714309977693505,8.005033344637111,7.919719760924575,0.0,1.0]"
14,WI_1,HOUSEHOLD_2,2012,3,1.745142726289565,5150,8.140315540159985,8.165932137321585,7.9714309977693505,8.005033344637111,0.0,1.0,"[3.0,1.745142726289565,5150.0,8.165932137321585,7.9714309977693505,8.005033344637111,0.0,1.0]"
15,WI_1,HOUSEHOLD_2,2012,4,1.7451427262895647,5150,8.112227958349724,8.140315540159985,8.165932137321585,7.9714309977693505,0.0,1.0,"[4.0,1.7451427262895647,5150.0,8.140315540159985,8.165932137321585,7.9714309977693505,0.0,1.0]"
16,WI_1,HOUSEHOLD_2,2012,5,1.745142726289565,5150,8.080546965824498,8.112227958349724,8.140315540159985,8.165932137321585,0.0,1.0,"[5.0,1.745142726289565,5150.0,8.112227958349724,8.140315540159985,8.165932137321585,0.0,1.0]"
17,WI_1,HOUSEHOLD_2,2012,6,1.7451427262895647,5150,8.08886878916199,8.080546965824498,8.112227958349724,8.140315540159985,0.0,1.0,"[6.0,1.7451427262895647,5150.0,8.080546965824498,8.112227958349724,8.140315540159985,0.0,1.0]"
18,WI_1,HOUSEHOLD_2,2012,7,1.745142726289565,5150,8.048149101665201,8.08886878916199,8.080546965824498,8.112227958349724,0.0,1.0,"[7.0,1.745142726289565,5150.0,8.08886878916199,8.080546965824498,8.112227958349724,0.0,1.0]"
19,WI_1,HOUSEHOLD_2,2012,8,1.745142726289565,5150,7.9211727215870145,8.048149101665201,8.08886878916199,8.080546965824498,0.0,1.0,"[8.0,1.745142726289565,5150.0,8.048149101665201,8.08886878916199,8.080546965824498,0.0,1.0]"
20,WI_1,HOUSEHOLD_2,2012,9,1.7451427262895647,5150,7.4360278163518485,7.9211727215870145,8.048149101665201,8.08886878916199,0.0,1.0,"[9.0,1.7451427262895647,5150.0,7.9211727215870145,8.048149101665201,8.08886878916199,0.0,1.0]"
21,WI_1,HOUSEHOLD_2,2012,10,1.745142726289565,5150,7.00488198971286,7.4360278163518485,7.9211727215870145,8.048149101665201,0.0,1.0,"[10.0,1.745142726289565,5150.0,7.4360278163518485,7.9211727215870145,8.048149101665201,0.0,1.0]"
22,WI_1,HOUSEHOLD_2,2012,11,1.7451427262895647,5150,8.094988759303774,7.00488198971286,7.4360278163518485,7.9211727215870145,0.0,1.0,"[11.0,1.7451427262895647,5150.0,7.00488198971286,7.4360278163518485,7.9211727215870145,0.0,1.0]"
23,WI_1,HOUSEHOLD_2,2012,12,1.745142726289565,5150,8.144388865547622,8.094988759303774,7.00488198971286,7.4360278163518485,0.0,1.0,"[12.0,1.745142726289565,5150.0,8.094988759303774,7.00488198971286,7.4360278163518485,0.0,1.0]"
24,WI_1,HOUSEHOLD_2,2013,1,1.745142726289565,5150,8.064321960910803,8.144388865547622,8.094988759303774,7.00488198971286,0.0,2.0,"[1.0,1.745142726289565,5150.0,8.144388865547622,8.094988759303774,7.00488198971286,0.0,2.0]"
25,WI_1,HOUSEHOLD_2,2013,2,1.745142726289564,5150,7.939871576361883,8.064321960910803,8.144388865547622,8.094988759303774,0.0,2.0,"[2.0,1.745142726289564,5150.0,8.064321960910803,8.144388865547622,8.094988759303774,0.0,2.0]"
26,WI_1,HOUSEHOLD_2,2013,3,1.745142726289565,5150,8.218247926685745,7.939871576361883,8.064321960910803,8.144388865547622,0.0,2.0,"[3.0,1.745142726289565,5150.0,7.939871576361883,8.064321960910803,8.144388865547622,0.0,2.0]"
27,WI_1,HOUSEHOLD_2,2013,4,1.7451427262895647,5150,8.126813720726114,8.218247926685745,7.939871576361883,8.064321960910803,0.0,2.0,"[4.0,1.7451427262895647,5150.0,8.218247926685745,7.939871576361883,8.064321960910803,0.0,2.0]"
28,WI_1,HOUSEHOLD_2,2013,5,1.745142726289565,5150,8.17103418920548,8.126813720726114,8.218247926685745,7.939871576361883,0.0,2.0,"[5.0,1.745142726289565,5150.0,8.126813720726114,8.218247926685745,7.939871576361883,0.0,2.0]"
29,WI_1,HOUSEHOLD_2,2013,6,1.7451427262895647,5150,8.138272638530186,8.17103418920548,8.126813720726114,8.218247926685745,0.0,2.0,"[6.0,1.7451427262895647,5150.0,8.17103418920548,8.126813720726114,8.218247926685745,0.0,2.0]"
30,WI_1,HOUSEHOLD_2,2013,7,1.745142726289565,5150,8.038189179973203,8.138272638530186,8.17103418920548,8.126813720726114,0.0,2.0,"[7.0,1.745142726289565,5150.0,8.138272638530186,8.17103418920548,8.126813720726114,0.0,2.0]"
31,WI_1,HOUSEHOLD_2,2013,8,1.745142726289565,5150,8.094683648698815,8.038189179973203,8.138272638530186,8.17103418920548,0.0,2.0,"[8.0,1.745142726289565,5150.0,8.038189179973203,8.138272638530186,8.17103418920548,0.0,2.0]"
32,WI_1,HOUSEHOLD_2,2013,9,1.7451427262895647,5150,7.92443418488756,8.094683648698815,8.038189179973203,8.138272638530186,0.0,2.0,"[9.0,1.7451427262895647,5150.0,8.094683648698815,8.038189179973203,8.138272638530186,0.0,2.0]"
33,WI_1,HOUSEHOLD_2,2013,10,1.745142726289565,5150,7.945555428253489,7.92443418488756,8.094683648698815,8.038189179973203,0.0,2.0,"[10.0,1.745142726289565,5150.0,7.92443418488756,8.094683648698815,8.038189179973203,0.0,2.0]"
34,WI_1,HOUSEHOLD_2,2013,11,1.7451427262895647,5150,7.990238185720363,7.945555428253489,7.92443418488756,8.094683648698815,0.0,2.0,"[11.0,1.7451427262895647,5150.0,7.945555428253489,7.92443418488756,8.094683648698815,0.0,2.0]"
35,WI_1,HOUSEHOLD_2,2013,12,1.745142726289565,5150,8.09925056179696,7.990238185720363,7.945555428253489,7.92443418488756,0.0,2.0,"[12.0,1.745142726289565,5150.0,7.990238185720363,7.945555428253489,7.92443418488756,0.0,2.0]"
36,WI_1,HOUSEHOLD_2,2014,1,1.745142726289565,5150,8.063062911326792,8.09925056179696,7.990238185720363,7.945555428253489,0.0,3.0,"[1.0,1.745142726289565,5150.0,8.09925056179696,7.990238185720363,7.945555428253489,0.0,3.0]"
37,WI_1,HOUSEHOLD_2,2014,2,1.745142726289564,5150,8.156510226079966,8.063062911326792,8.09925056179696,7.990238185720363,0.0,3.0,"[2.0,1.745142726289564,5150.0,8.063062911326792,8.09925056179696,7.990238185720363,0.0,3.0]"
38,WI_1,HOUSEHOLD_2,2014,3,1.745142726289565,5150,8.352790135124629,8.156510226079966,8.063062911326792,8.09925056179696,0.0,3.0,"[3.0,1.745142726289565,5150.0,8.156510226079966,8.063062911326792,8.09925056179696,0.0,3.0]"
39,WI_1,HOUSEHOLD_2,2014,4,1.7451427262895647,5150,8.384118837190895,8.352790135124629,8.156510226079966,8.063062911326792,0.0,3.0,"[4.0,1.7451427262895647,5150.0,8.352790135124629,8.156510226079966,8.063062911326792,0.0,3.0]"
40,WI_1,HOUSEHOLD_2,2014,5,1.745142726289565,5150,8.329658067569396,8.384118837190895,8.352790135124629,8.156510226079966,0.0,3.0,"[5.0,1.745142726289565,5150.0,8.384118837190895,8.352790135124629,8.156510226079966,0.0,3.0]"
41,WI_1,HOUSEHOLD_2,2014,6,1.7451427262895647,5150,8.39795910349254,8.329658067569396,8.384118837190895,8.352790135124629,0.0,3.0,"[6.0,1.7451427262895647,5150.0,8.329658067569396,8.384118837190895,8.352790135124629,0.0,3.0]"
42,WI_1,HOUSEHOLD_2,2014,7,1.745142726289565,5150,8.415160465851086,8.39795910349254,8.329658067569396,8.384118837190895,0.0,3.0,"[7.0,1.745142726289565,5150.0,8.39795910349254,8.329658067569396,8.384118837190895,0.0,3.0]"
43,WI_1,HOUSEHOLD_2,2014,8,1.745142726289565,5150,8.454466361507933,8.415160465851086,8.39795910349254,8.329658067569396,0.0,3.0,"[8.0,1.745142726289565,5150.0,8.415160465851086,8.39795910349254,8.329658067569396,0.0,3.0]"
44,WI_1,HOUSEHOLD_2,2014,9,1.7451427262895647,5150,8.346642090221199,8.454466361507933,8.415160465851086,8.39795910349254,0.0,3.0,"[9.0,1.7451427262895647,5150.0,8.454466361507933,8.415160465851086,8.39795910349254,0.0,3.0]"
45,WI_1,HOUSEHOLD_2,2014,10,1.745142726289565,5150,8.358666283188,8.346642090221199,8.454466361507933,8.415160465851086,0.0,3.0,"[10.0,1.745142726289565,5150.0,8.346642090221199,8.454466361507933,8.415160465851086,0.0,3.0]"
46,WI_1,HOUSEHOLD_2,2014,11,1.7451427262895647,5150,8.366835309827675,8.358666283188,8.346642090221199,8.454466361507933,0.0,3.0,"[11.0,1.7451427262895647,5150.0,8.358666283188,8.346642090221199,8.454466361507933,0.0,3.0]"
47,WI_1,HOUSEHOLD_2,2014,12,1.745142726289565,5150,8.407601514786142,8.366835309827675,8.358666283188,8.346642090221199,0.0,3.0,"[12.0,1.745142726289565,5150.0,8.366835309827675,8.358666283188,8.346642090221199,0.0,3.0]"
48,WI_1,HOUSEHOLD_2,2015,1,1.745142726289565,5150,8.448485993406447,8.407601514786142,8.366835309827675,8.358666283188,0.0,4.0,"[1.0,1.745142726289565,5150.0,8.407601514786142,8.366835309827675,8.358666283188,0.0,4.0]"
49,WI_1,HOUSEHOLD_2,2015,2,1.745142726289564,5150,8.445052513638554,8.448485993406447,8.407601514786142,8.366835309827675,0.0,4.0,"[2.0,1.745142726289564,5150.0,8.448485993406447,8.407601514786142,8.366835309827675,0.0,4.0]"
50,WI_1,HOUSEHOLD_2,2015,3,1.745142726289565,5150,8.589699882202986,8.445052513638554,8.448485993406447,8.407601514786142,0.0,4.0,"[3.0,1.745142726289565,5150.0,8.445052513638554,8.448485993406447,8.407601514786142,0.0,4.0]"
51,WI_1,HOUSEHOLD_2,2015,4,1.7451427262895647,5150,8.46695197497949,8.589699882202986,8.445052513638554,8.448485993406447,0.0,4.0,"[4.0,1.7451427262895647,5150.0,8.589699882202986,8.445052513638554,8.448485993406447,0.0,4.0]"
52,WI_1,HOUSEHOLD_2,2015,5,1.745142726289565,5150,8.495765244002618,8.46695197497949,8.589699882202986,8.445052513638554,0.0,4.0,"[5.0,1.745142726289565,5150.0,8.46695197497949,8.589699882202986,8.445052513638554,0.0,4.0]"
53,WI_1,HOUSEHOLD_2,2015,6,1.7451427262895647,5150,8.473868066677865,8.495765244002618,8.46695197497949,8.589699882202986,0.0,4.0,"[6.0,1.7451427262895647,5150.0,8.495765244002618,8.46695197497949,8.589699882202986,0.0,4.0]"
54,WI_1,HOUSEHOLD_2,2015,7,1.745142726289565,5150,8.536799721055155,8.473868066677865,8.495765244002618,8.46695197497949,0.0,4.0,"[7.0,1.745142726289565,5150.0,8.473868066677865,8.495765244002618,8.46695197497949,0.0,4.0]"
55,WI_1,HOUSEHOLD_2,2015,8,1.745142726289565,5150,8.518991573357617,8.536799721055155,8.473868066677865,8.495765244002618,0.0,4.0,"[8.0,1.745142726289565,5150.0,8.536799721055155,8.473868066677865,8.495765244002618,0.0,4.0]"
56,WI_1,HOUSEHOLD_2,2015,9,1.7451427262895647,5150,8.377011160816375,8.518991573357617,8.536799721055155,8.473868066677865,0.0,4.0,"[9.0,1.7451427262895647,5150.0,8.518991573357617,8.536799721055155,8.473868066677865,0.0,4.0]"
57,WI_1,HOUSEHOLD_2,2015,10,1.745142726289565,5150,8.399085102935908,8.377011160816375,8.518991573357617,8.536799721055155,0.0,4.0,"[10.0,1.745142726289565,5150.0,8.377011160816375,8.518991573357617,8.536799721055155,0.0,4.0]"
58,WI_1,HOUSEHOLD_2,2015,11,1.7451427262895647,5150,8.352318548226004,8.399085102935908,8.377011160816375,8.518991573357617,0.0,4.0,"[11.0,1.7451427262895647,5150.0,8.399085102935908,8.377011160816375,8.518991573357617,0.0,4.0]"
59,WI_1,HOUSEHOLD_2,2015,12,1.745142726289565,5150,8.431853144249223,8.352318548226004,8.399085102935908,8.377011160816375,0.0,4.0,"[12.0,1.745142726289565,5150.0,8.352318548226004,8.399085102935908,8.377011160816375,0.0,4.0]"
60,WI_1,HOUSEHOLD_2,2016,1,1.745142726289565,5150,8.441607204459642,8.431853144249223,8.352318548226004,8.399085102935908,0.0,5.0,"[1.0,1.745142726289565,5150.0,8.431853144249223,8.352318548226004,8.399085102935908,0.0,5.0]"
61,WI_1,HOUSEHOLD_2,2016,2,1.745142726289564,5150,8.432724034789787,8.441607204459642,8.431853144249223,8.352318548226004,0.0,5.0,"[2.0,1.745142726289564,5150.0,8.441607204459642,8.431853144249223,8.352318548226004,0.0,5.0]"
62,WI_1,HOUSEHOLD_2,2016,3,1.745142726289565,5150,8.516793111394898,8.432724034789787,8.441607204459642,8.431853144249223,0.0,5.0,"[3.0,1.745142726289565,5150.0,8.432724034789787,8.441607204459642,8.431853144249223,0.0,5.0]"
63,WI_1,HOUSEHOLD_2,2016,4,1.7451427262895645,5150,8.374015421739909,8.516793111394898,8.432724034789787,8.441607204459642,0.0,5.0,"[4.0,1.7451427262895645,5150.0,8.516793111394898,8.432724034789787,8.441607204459642,0.0,5.0]"
64,WI_1,HOBBIES_1,2011,1,1.8924071265021587,0,7.206377291472252,0.0,0.0,0.0,0.0,0.0,"(8,[0,1],[1.0,1.8924071265021587])"
65,WI_1,HOBBIES_1,2011,2,1.8924071265021591,4160,9.104868739033948,7.206377291472252,0.0,0.0,0.0,0.0,"(8,[0,1,2,3],[2.0,1.8924071265021591,4160.0,7.206377291472252])"
66,WI_1,HOBBIES_1,2011,3,1.8924071265021587,4160,9.194007717355285,9.104868739033948,7.206377291472252,0.0,0.0,0.0,"[3.0,1.8924071265021587,4160.0,9.104868739033948,7.206377291472252,0.0,0.0,0.0]"
67,WI_1,HOBBIES_1,2011,4,1.8924071265021585,4160,9.209940291954844,9.194007717355285,9.104868739033948,7.206377291472252,0.0,0.0,"[4.0,1.8924071265021585,4160.0,9.194007717355285,9.104868739033948,7.206377291472252,0.0,0.0]"
68,WI_1,HOBBIES_1,2011,5,1.8924071265021587,4160,9.199582715323222,9.209940291954844,9.194007717355285,9.104868739033948,0.0,0.0,"[5.0,1.8924071265021587,4160.0,9.209940291954844,9.194007717355285,9.104868739033948,0.0,0.0]"
69,WI_1,HOBBIES_1,2011,6,1.8924071265021585,4160,9.112617283447568,9.199582715323222,9.209940291954844,9.194007717355285,0.0,0.0,"[6.0,1.8924071265021585,4160.0,9.199582715323222,9.209940291954844,9.194007717355285,0.0,0.0]"
70,WI_1,HOBBIES_1,2011,7,1.8924071265021587,4160,9.18049952996516,9.112617283447568,9.199582715323222,9.209940291954844,0.0,0.0,"[7.0,1.8924071265021587,4160.0,9.112617283447568,9.199582715323222,9.209940291954844,0.0,0.0]"
71,WI_1,HOBBIES_1,2011,8,1.8924071265021587,4160,9.138951775888529,9.18049952996516,9.112617283447568,9.199582715323222,0.0,0.0,"[8.0,1.8924071265021587,4160.0,9.18049952996516,9.112617283447568,9.199582715323222,0.0,0.0]"
72,WI_1,HOBBIES_1,2011,9,1.8924071265021585,4160,9.125653563808989,9.138951775888529,9.18049952996516,9.112617283447568,0.0,0.0,"[9.0,1.8924071265021585,4160.0,9.138951775888529,9.18049952996516,9.112617283447568,0.0,0.0]"
73,WI_1,HOBBIES_1,2011,10,1.8924071265021587,4160,9.175334762777368,9.125653563808989,9.138951775888529,9.18049952996516,0.0,0.0,"[10.0,1.8924071265021587,4160.0,9.125653563808989,9.138951775888529,9.18049952996516,0.0,0.0]"
74,WI_1,HOBBIES_1,2011,11,1.8924071265021585,4160,9.058237593766226,9.175334762777368,9.125653563808989,9.138951775888529,0.0,0.0,"[11.0,1.8924071265021585,4160.0,9.175334762777368,9.125653563808989,9.138951775888529,0.0,0.0]"
75,WI_1,HOBBIES_1,2011,12,1.8924071265021587,4160,9.171495588152615,9.058237593766226,9.175334762777368,9.125653563808989,0.0,0.0,"[12.0,1.8924071265021587,4160.0,9.058237593766226,9.175334762777368,9.125653563808989,0.0,0.0]"
76,WI_1,HOBBIES_1,2012,1,1.8924071265021587,4160,9.113278659133051,9.171495588152615,9.058237593766226,9.175334762777368,0.0,1.0,"[1.0,1.8924071265021587,4160.0,9.171495588152615,9.058237593766226,9.175334762777368,0.0,1.0]"
77,WI_1,HOBBIES_1,2012,2,1.892407126502159,4160,9.041803370152845,9.113278659133051,9.171495588152615,9.058237593766226,0.0,1.0,"[2.0,1.892407126502159,4160.0,9.113278659133051,9.171495588152615,9.058237593766226,0.0,1.0]"
78,WI_1,HOBBIES_1,2012,3,1.8924071265021587,4160,9.169310022418191,9.041803370152845,9.113278659133051,9.171495588152615,0.0,1.0,"[3.0,1.8924071265021587,4160.0,9.041803370152845,9.113278659133051,9.171495588152615,0.0,1.0]"
79,WI_1,HOBBIES_1,2012,4,1.8924071265021585,4160,9.068315871946766,9.169310022418191,9.041803370152845,9.113278659133051,0.0,1.0,"[4.0,1.8924071265021585,4160.0,9.169310022418191,9.041803370152845,9.113278659133051,0.0,1.0]"
80,WI_1,HOBBIES_1,2012,5,1.8924071265021587,4160,8.949624747754216,9.068315871946766,9.169310022418191,9.041803370152845,0.0,1.0,"[5.0,1.8924071265021587,4160.0,9.068315871946766,9.169310022418191,9.041803370152845,0.0,1.0]"
81,WI_1,HOBBIES_1,2012,6,1.8924071265021585,4160,9.19917830726999,8.949624747754216,9.068315871946766,9.169310022418191,0.0,1.0,"[6.0,1.8924071265021585,4160.0,8.949624747754216,9.068315871946766,9.169310022418191,0.0,1.0]"
82,WI_1,HOBBIES_1,2012,7,1.8924071265021587,4160,8.976262255609193,9.19917830726999,8.949624747754216,9.068315871946766,0.0,1.0,"[7.0,1.8924071265021587,4160.0,9.19917830726999,8.949624747754216,9.068315871946766,0.0,1.0]"
83,WI_1,HOBBIES_1,2012,8,1.8924071265021587,4160,8.793915423631676,8.976262255609193,9.19917830726999,8.949624747754216,0.0,1.0,"[8.0,1.8924071265021587,4160.0,8.976262255609193,9.19917830726999,8.949624747754216,0.0,1.0]"
84,WI_1,HOBBIES_1,2012,9,1.8924071265021585,4160,8.784468454090355,8.793915423631676,8.976262255609193,9.19917830726999,0.0,1.0,"[9.0,1.8924071265021585,4160.0,8.793915423631676,8.976262255609193,9.19917830726999,0.0,1.0]"
85,WI_1,HOBBIES_1,2012,10,1.8924071265021587,4160,8.624970783589669,8.784468454090355,8.793915423631676,8.976262255609193,0.0,1.0,"[10.0,1.8924071265021587,4160.0,8.784468454090355,8.793915423631676,8.976262255609193,0.0,1.0]"
86,WI_1,HOBBIES_1,2012,11,1.8924071265021585,4160,8.933268478636418,8.624970783589669,8.784468454090355,8.793915423631676,0.0,1.0,"[11.0,1.8924071265021585,4160.0,8.624970783589669,8.784468454090355,8.793915423631676,0.0,1.0]"
87,WI_1,HOBBIES_1,2012,12,1.8924071265021587,4160,8.936298185228436,8.933268478636418,8.624970783589669,8.784468454090355,0.0,1.0,"[12.0,1.8924071265021587,4160.0,8.933268478636418,8.624970783589669,8.784468454090355,0.0,1.0]"
88,WI_1,HOBBIES_1,2013,1,1.8924071265021587,4160,8.891649112650057,8.936298185228436,8.933268478636418,8.624970783589669,0.0,2.0,"[1.0,1.8924071265021587,4160.0,8.936298185228436,8.933268478636418,8.624970783589669,0.0,2.0]"
89,WI_1,HOBBIES_1,2013,2,1.8924071265021591,4160,8.944289319650697,8.891649112650057,8.936298185228436,8.933268478636418,0.0,2.0,"[2.0,1.8924071265021591,4160.0,8.891649112650057,8.936298185228436,8.933268478636418,0.0,2.0]"
90,WI_1,HOBBIES_1,2013,3,1.8924071265021587,4160,9.063810579280286,8.944289319650697,8.891649112650057,8.936298185228436,0.0,2.0,"[3.0,1.8924071265021587,4160.0,8.944289319650697,8.891649112650057,8.936298185228436,0.0,2.0]"
91,WI_1,HOBBIES_1,2013,4,1.8924071265021585,4160,9.17107965802288,9.063810579280286,8.944289319650697,8.891649112650057,0.0,2.0,"[4.0,1.8924071265021585,4160.0,9.063810579280286,8.944289319650697,8.891649112650057,0.0,2.0]"
92,WI_1,HOBBIES_1,2013,5,1.8924071265021587,4160,9.156623089470195,9.17107965802288,9.063810579280286,8.944289319650697,0.0,2.0,"[5.0,1.8924071265021587,4160.0,9.17107965802288,9.063810579280286,8.944289319650697,0.0,2.0]"
93,WI_1,HOBBIES_1,2013,6,1.8924071265021585,4160,9.252441547994819,9.156623089470195,9.17107965802288,9.063810579280286,0.0,2.0,"[6.0,1.8924071265021585,4160.0,9.156623089470195,9.17107965802288,9.063810579280286,0.0,2.0]"
94,WI_1,HOBBIES_1,2013,7,1.8924071265021587,4160,9.12598002335811,9.252441547994819,9.156623089470195,9.17107965802288,0.0,2.0,"[7.0,1.8924071265021587,4160.0,9.252441547994819,9.156623089470195,9.17107965802288,0.0,2.0]"
95,WI_1,HOBBIES_1,2013,8,1.8924071265021587,4160,9.086249986745132,9.12598002335811,9.252441547994819,9.156623089470195,0.0,2.0,"[8.0,1.8924071265021587,4160.0,9.12598002335811,9.252441547994819,9.156623089470195,0.0,2.0]"
96,WI_1,HOBBIES_1,2013,9,1.8924071265021585,4160,8.995040974685022,9.086249986745132,9.12598002335811,9.252441547994819,0.0,2.0,"[9.0,1.8924071265021585,4160.0,9.086249986745132,9.12598002335811,9.252441547994819,0.0,2.0]"
97,WI_1,HOBBIES_1,2013,10,1.8924071265021587,4160,9.240772579096385,8.995040974685022,9.086249986745132,9.12598002335811,0.0,2.0,"[10.0,1.8924071265021587,4160.0,8.995040974685022,9.086249986745132,9.12598002335811,0.0,2.0]"
98,WI_1,HOBBIES_1,2013,11,1.8924071265021585,4160,9.223552703448318,9.240772579096385,8.995040974685022,9.086249986745132,0.0,2.0,"[11.0,1.8924071265021585,4160.0,9.240772579096385,8.995040974685022,9.086249986745132,0.0,2.0]"
99,WI_1,HOBBIES_1,2013,12,1.8924071265021587,4160,9.23883064237581,9.223552703448318,9.240772579096385,8.995040974685022,0.0,2.0,"[12.0,1.8924071265021587,4160.0,9.223552703448318,9.240772579096385,8.995040974685022,0.0,2.0]"
100,WI_1,HOBBIES_1,2014,1,1.8924071265021587,4160,9.243871855184976,9.23883064237581,9.223552703448318,9.240772579096385,0.0,3.0,"[1.0,1.8924071265021587,4160.0,9.23883064237581,9.223552703448318,9.240772579096385,0.0,3.0]"
101,WI_1,HOBBIES_1,2014,2,1.8924071265021591,4160,9.111293218374948,9.243871855184976,9.23883064237581,9.223552703448318,0.0,3.0,"[2.0,1.8924071265021591,4160.0,9.243871855184976,9.23883064237581,9.223552703448318,0.0,3.0]"
102,WI_1,HOBBIES_1,2014,3,1.8924071265021587,4160,9.24483841238375,9.111293218374948,9.243871855184976,9.23883064237581,0.0,3.0,"[3.0,1.8924071265021587,4160.0,9.111293218374948,9.243871855184976,9.23883064237581,0.0,3.0]"
103,WI_1,HOBBIES_1,2014,4,1.8924071265021585,4160,9.191972714617998,9.24483841238375,9.111293218374948,9.243871855184976,0.0,3.0,"[4.0,1.8924071265021585,4160.0,9.24483841238375,9.111293218374948,9.243871855184976,0.0,3.0]"
104,WI_1,HOBBIES_1,2014,5,1.8924071265021587,4160,9.25320827220336,9.191972714617998,9.24483841238375,9.111293218374948,0.0,3.0,"[5.0,1.8924071265021587,4160.0,9.191972714617998,9.24483841238375,9.111293218374948,0.0,3.0]"
105,WI_1,HOBBIES_1,2014,6,1.8924071265021585,4160,9.219795530746937,9.25320827220336,9.191972714617998,9.24483841238375,0.0,3.0,"[6.0,1.8924071265021585,4160.0,9.25320827220336,9.191972714617998,9.24483841238375,0.0,3.0]"
106,WI_1,HOBBIES_1,2014,7,1.8924071265021587,4160,9.24541789858888,9.219795530746937,9.25320827220336,9.191972714617998,0.0,3.0,"[7.0,1.8924071265021587,4160.0,9.219795530746937,9.25320827220336,9.191972714617998,0.0,3.0]"
107,WI_1,HOBBIES_1,2014,8,1.8924071265021587,4160,9.225426009394223,9.24541789858888,9.219795530746937,9.25320827220336,0.0,3.0,"[8.0,1.8924071265021587,4160.0,9.24541789858888,9.219795530746937,9.25320827220336,0.0,3.0]"
108,WI_1,HOBBIES_1,2014,9,1.8924071265021585,4160,9.077037524661762,9.225426009394223,9.24541789858888,9.219795530746937,0.0,3.0,"[9.0,1.8924071265021585,4160.0,9.225426009394223,9.24541789858888,9.219795530746937,0.0,3.0]"
109,WI_1,HOBBIES_1,2014,10,1.8924071265021587,4160,9.2179116374725,9.077037524661762,9.225426009394223,9.24541789858888,0.0,3.0,"[10.0,1.8924071265021587,4160.0,9.077037524661762,9.225426009394223,9.24541789858888,0.0,3.0]"
110,WI_1,HOBBIES_1,2014,11,1.8924071265021585,4160,9.163667963777751,9.2179116374725,9.077037524661762,9.225426009394223,0.0,3.0,"[11.0,1.8924071265021585,4160.0,9.2179116374725,9.077037524661762,9.225426009394223,0.0,3.0]"
111,WI_1,HOBBIES_1,2014,12,1.8924071265021587,4160,9.26596427572418,9.163667963777751,9.2179116374725,9.077037524661762,0.0,3.0,"[12.0,1.8924071265021587,4160.0,9.163667963777751,9.2179116374725,9.077037524661762,0.0,3.0]"
112,WI_1,HOBBIES_1,2015,1,1.8924071265021587,4160,9.251482315307358,9.26596427572418,9.163667963777751,9.2179116374725,0.0,4.0,"[1.0,1.8924071265021587,4160.0,9.26596427572418,9.163667963777751,9.2179116374725,0.0,4.0]"
113,WI_1,HOBBIES_1,2015,2,1.8924071265021591,4160,9.254452946594503,9.251482315307358,9.26596427572418,9.163667963777751,0.0,4.0,"[2.0,1.8924071265021591,4160.0,9.251482315307358,9.26596427572418,9.163667963777751,0.0,4.0]"
114,WI_1,HOBBIES_1,2015,3,1.8924071265021587,4160,9.319912008405474,9.254452946594503,9.251482315307358,9.26596427572418,0.0,4.0,"[3.0,1.8924071265021587,4160.0,9.254452946594503,9.251482315307358,9.26596427572418,0.0,4.0]"
115,WI_1,HOBBIES_1,2015,4,1.8924071265021585,4160,9.32250766884693,9.319912008405474,9.254452946594503,9.251482315307358,0.0,4.0,"[4.0,1.8924071265021585,4160.0,9.319912008405474,9.254452946594503,9.251482315307358,0.0,4.0]"
116,WI_1,HOBBIES_1,2015,5,1.8924071265021587,4160,9.370757093382087,9.32250766884693,9.319912008405474,9.254452946594503,0.0,4.0,"[5.0,1.8924071265021587,4160.0,9.32250766884693,9.319912008405474,9.254452946594503,0.0,4.0]"
117,WI_1,HOBBIES_1,2015,6,1.8924071265021585,4160,9.304741047397666,9.370757093382087,9.32250766884693,9.319912008405474,0.0,4.0,"[6.0,1.8924071265021585,4160.0,9.370757093382087,9.32250766884693,9.319912008405474,0.0,4.0]"
118,WI_1,HOBBIES_1,2015,7,1.8924071265021587,4160,9.3982297330736,9.304741047397666,9.370757093382087,9.32250766884693,0.0,4.0,"[7.0,1.8924071265021587,4160.0,9.304741047397666,9.370757093382087,9.32250766884693,0.0,4.0]"
119,WI_1,HOBBIES_1,2015,8,1.8924071265021587,4160,9.362460420037015,9.3982297330736,9.304741047397666,9.370757093382087,0.0,4.0,"[8.0,1.8924071265021587,4160.0,9.3982297330736,9.304741047397666,9.370757093382087,0.0,4.0]"
120,WI_1,HOBBIES_1,2015,9,1.8924071265021585,4160,9.27199975236291,9.362460420037015,9.3982297330736,9.304741047397666,0.0,4.0,"[9.0,1.8924071265021585,4160.0,9.362460420037015,9.3982297330736,9.304741047397666,0.0,4.0]"
121,WI_1,HOBBIES_1,2015,10,1.8924071265021587,4160,9.398892478520773,9.27199975236291,9.362460420037015,9.3982297330736,0.0,4.0,"[10.0,1.8924071265021587,4160.0,9.27199975236291,9.362460420037015,9.3982297330736,0.0,4.0]"
122,WI_1,HOBBIES_1,2015,11,1.8924071265021585,4160,9.274253697719836,9.398892478520773,9.27199975236291,9.362460420037015,0.0,4.0,"[11.0,1.8924071265021585,4160.0,9.398892478520773,9.27199975236291,9.362460420037015,0.0,4.0]"
123,WI_1,HOBBIES_1,2015,12,1.8924071265021587,4160,9.389741000342473,9.274253697719836,9.398892478520773,9.27199975236291,0.0,4.0,"[12.0,1.8924071265021587,4160.0,9.274253697719836,9.398892478520773,9.27199975236291,0.0,4.0]"
124,WI_1,HOBBIES_1,2016,1,1.8924071265021587,4160,9.353747835270912,9.389741000342473,9.274253697719836,9.398892478520773,0.0,5.0,"[1.0,1.8924071265021587,4160.0,9.389741000342473,9.274253697719836,9.398892478520773,0.0,5.0]"
125,WI_1,HOBBIES_1,2016,2,1.892407126502159,4160,9.285726098882073,9.353747835270912,9.389741000342473,9.274253697719836,0.0,5.0,"[2.0,1.892407126502159,4160.0,9.353747835270912,9.389741000342473,9.274253697719836,0.0,5.0]"
126,WI_1,HOBBIES_1,2016,3,1.8924071265021587,4160,9.331052447138447,9.285726098882073,9.353747835270912,9.389741000342473,0.0,5.0,"[3.0,1.8924071265021587,4160.0,9.285726098882073,9.353747835270912,9.389741000342473,0.0,5.0]"
127,WI_1,HOBBIES_1,2016,4,1.8924071265021587,4160,9.176059437999308,9.331052447138447,9.285726098882073,9.353747835270912,0.0,5.0,"[4.0,1.8924071265021587,4160.0,9.331052447138447,9.285726098882073,9.353747835270912,0.0,5.0]"
128,WI_1,HOBBIES_2,2011,1,0.9557285091315872,0,3.4965075614664802,0.0,0.0,0.0,0.0,0.0,"(8,[0,1],[1.0,0.9557285091315872])"
129,WI_1,HOBBIES_2,2011,2,0.9557285091315872,1490,5.805134968916488,3.4965075614664802,0.0,0.0,0.0,0.0,"(8,[0,1,2,3],[2.0,0.9557285091315872,1490.0,3.4965075614664802])"
130,WI_1,HOBBIES_2,2011,3,0.9557285091315868,1490,6.302618975744905,5.805134968916488,3.4965075614664802,0.0,0.0,0.0,"[3.0,0.9557285091315868,1490.0,5.805134968916488,3.4965075614664802,0.0,0.0,0.0]"
131,WI_1,HOBBIES_2,2011,4,0.9557285091315877,1490,6.238324625039508,6.302618975744905,5.805134968916488,3.4965075614664802,0.0,0.0,"[4.0,0.9557285091315877,1490.0,6.302618975744905,5.805134968916488,3.4965075614664802,0.0,0.0]"
132,WI_1,HOBBIES_2,2011,5,0.9557285091315868,1490,6.253828811575473,6.238324625039508,6.302618975744905,5.805134968916488,0.0,0.0,"[5.0,0.9557285091315868,1490.0,6.238324625039508,6.302618975744905,5.805134968916488,0.0,0.0]"
133,WI_1,HOBBIES_2,2011,6,0.9557285091315877,1490,6.111467339502679,6.253828811575473,6.238324625039508,6.302618975744905,0.0,0.0,"[6.0,0.9557285091315877,1490.0,6.253828811575473,6.238324625039508,6.302618975744905,0.0,0.0]"
134,WI_1,HOBBIES_2,2011,7,0.9557285091315868,1490,6.013715156042802,6.111467339502679,6.253828811575473,6.238324625039508,0.0,0.0,"[7.0,0.9557285091315868,1490.0,6.111467339502679,6.253828811575473,6.238324625039508,0.0,0.0]"
135,WI_1,HOBBIES_2,2011,8,0.9557285091315868,1490,5.988961416889864,6.013715156042802,6.111467339502679,6.253828811575473,0.0,0.0,"[8.0,0.9557285091315868,1490.0,6.013715156042802,6.111467339502679,6.253828811575473,0.0,0.0]"
136,WI_1,HOBBIES_2,2011,9,0.9557285091315877,1490,5.666426688112432,5.988961416889864,6.013715156042802,6.111467339502679,0.0,0.0,"[9.0,0.9557285091315877,1490.0,5.988961416889864,6.013715156042802,6.111467339502679,0.0,0.0]"
137,WI_1,HOBBIES_2,2011,10,0.9557285091315868,1490,6.322565239927284,5.666426688112432,5.988961416889864,6.013715156042802,0.0,0.0,"[10.0,0.9557285091315868,1490.0,5.666426688112432,5.988961416889864,6.013715156042802,0.0,0.0]"
138,WI_1,HOBBIES_2,2011,11,0.9557285091315877,1490,6.269096283706261,6.322565239927284,5.666426688112432,5.988961416889864,0.0,0.0,"[11.0,0.9557285091315877,1490.0,6.322565239927284,5.666426688112432,5.988961416889864,0.0,0.0]"
139,WI_1,HOBBIES_2,2011,12,0.9557285091315868,1490,6.309918278226516,6.269096283706261,6.322565239927284,5.666426688112432,0.0,0.0,"[12.0,0.9557285091315868,1490.0,6.269096283706261,6.322565239927284,5.666426688112432,0.0,0.0]"
140,WI_1,HOBBIES_2,2012,1,0.9557285091315868,1490,5.834810737062605,6.309918278226516,6.269096283706261,6.322565239927284,0.0,1.0,"[1.0,0.9557285091315868,1490.0,6.309918278226516,6.269096283706261,6.322565239927284,0.0,1.0]"
141,WI_1,HOBBIES_2,2012,2,0.955728509131587,1490,6.267200548541362,5.834810737062605,6.309918278226516,6.269096283706261,0.0,1.0,"[2.0,0.955728509131587,1490.0,5.834810737062605,6.309918278226516,6.269096283706261,0.0,1.0]"
142,WI_1,HOBBIES_2,2012,3,0.9557285091315868,1490,6.253828811575473,6.267200548541362,5.834810737062605,6.309918278226516,0.0,1.0,"[3.0,0.9557285091315868,1490.0,6.267200548541362,5.834810737062605,6.309918278226516,0.0,1.0]"
143,WI_1,HOBBIES_2,2012,4,0.9557285091315877,1490,5.973809611869261,6.253828811575473,6.267200548541362,5.834810737062605,0.0,1.0,"[4.0,0.9557285091315877,1490.0,6.253828811575473,6.267200548541362,5.834810737062605,0.0,1.0]"
144,WI_1,HOBBIES_2,2012,5,0.9557285091315868,1490,6.1070228877422545,5.973809611869261,6.253828811575473,6.267200548541362,0.0,1.0,"[5.0,0.9557285091315868,1490.0,5.973809611869261,6.253828811575473,6.267200548541362,0.0,1.0]"
145,WI_1,HOBBIES_2,2012,6,0.9557285091315877,1490,6.163314804034641,6.1070228877422545,5.973809611869261,6.253828811575473,0.0,1.0,"[6.0,0.9557285091315877,1490.0,6.1070228877422545,5.973809611869261,6.253828811575473,0.0,1.0]"
146,WI_1,HOBBIES_2,2012,7,0.9557285091315868,1490,6.1224928095143865,6.163314804034641,6.1070228877422545,5.973809611869261,0.0,1.0,"[7.0,0.9557285091315868,1490.0,6.163314804034641,6.1070228877422545,5.973809611869261,0.0,1.0]"
147,WI_1,HOBBIES_2,2012,8,0.9557285091315868,1490,6.100318952020064,6.1224928095143865,6.163314804034641,6.1070228877422545,0.0,1.0,"[8.0,0.9557285091315868,1490.0,6.1224928095143865,6.163314804034641,6.1070228877422545,0.0,1.0]"
148,WI_1,HOBBIES_2,2012,9,0.9557285091315877,1490,6.118097198041348,6.100318952020064,6.1224928095143865,6.163314804034641,0.0,1.0,"[9.0,0.9557285091315877,1490.0,6.100318952020064,6.1224928095143865,6.163314804034641,0.0,1.0]"
149,WI_1,HOBBIES_2,2012,10,0.9557285091315868,1490,5.44673737166631,6.118097198041348,6.100318952020064,6.1224928095143865,0.0,1.0,"[10.0,0.9557285091315868,1490.0,6.118097198041348,6.100318952020064,6.1224928095143865,0.0,1.0]"
150,WI_1,HOBBIES_2,2012,11,0.9557285091315877,1490,6.4425401664681985,5.44673737166631,6.118097198041348,6.100318952020064,0.0,1.0,"[11.0,0.9557285091315877,1490.0,5.44673737166631,6.118097198041348,6.100318952020064,0.0,1.0]"
151,WI_1,HOBBIES_2,2012,12,0.9557285091315868,1490,6.522092798170153,6.4425401664681985,5.44673737166631,6.118097198041348,0.0,1.0,"[12.0,0.9557285091315868,1490.0,6.4425401664681985,5.44673737166631,6.118097198041348,0.0,1.0]"
152,WI_1,HOBBIES_2,2013,1,0.9557285091315868,1490,6.489204931325317,6.522092798170153,6.4425401664681985,5.44673737166631,0.0,2.0,"[1.0,0.9557285091315868,1490.0,6.522092798170153,6.4425401664681985,5.44673737166631,0.0,2.0]"
153,WI_1,HOBBIES_2,2013,2,0.9557285091315872,1490,6.472346294500901,6.489204931325317,6.522092798170153,6.4425401664681985,0.0,2.0,"[2.0,0.9557285091315872,1490.0,6.489204931325317,6.522092798170153,6.4425401664681985,0.0,2.0]"
154,WI_1,HOBBIES_2,2013,3,0.9557285091315868,1490,6.569481420414296,6.472346294500901,6.489204931325317,6.522092798170153,0.0,2.0,"[3.0,0.9557285091315868,1490.0,6.472346294500901,6.489204931325317,6.522092798170153,0.0,2.0]"
155,WI_1,HOBBIES_2,2013,4,0.9557285091315877,1490,6.46302945692067,6.569481420414296,6.472346294500901,6.489204931325317,0.0,2.0,"[4.0,0.9557285091315877,1490.0,6.569481420414296,6.472346294500901,6.489204931325317,0.0,2.0]"
156,WI_1,HOBBIES_2,2013,5,0.9557285091315868,1490,6.437751649736401,6.46302945692067,6.569481420414296,6.472346294500901,0.0,2.0,"[5.0,0.9557285091315868,1490.0,6.46302945692067,6.569481420414296,6.472346294500901,0.0,2.0]"
157,WI_1,HOBBIES_2,2013,6,0.9557285091315877,1490,6.530877627725885,6.437751649736401,6.46302945692067,6.569481420414296,0.0,2.0,"[6.0,0.9557285091315877,1490.0,6.437751649736401,6.46302945692067,6.569481420414296,0.0,2.0]"
158,WI_1,HOBBIES_2,2013,7,0.9557285091315868,1490,6.486160788944089,6.530877627725885,6.437751649736401,6.46302945692067,0.0,2.0,"[7.0,0.9557285091315868,1490.0,6.530877627725885,6.437751649736401,6.46302945692067,0.0,2.0]"
159,WI_1,HOBBIES_2,2013,8,0.9557285091315868,1490,6.645090969505644,6.486160788944089,6.530877627725885,6.437751649736401,0.0,2.0,"[8.0,0.9557285091315868,1490.0,6.486160788944089,6.530877627725885,6.437751649736401,0.0,2.0]"
160,WI_1,HOBBIES_2,2013,9,0.9557285091315877,1490,6.419994928147142,6.645090969505644,6.486160788944089,6.530877627725885,0.0,2.0,"[9.0,0.9557285091315877,1490.0,6.645090969505644,6.486160788944089,6.530877627725885,0.0,2.0]"
161,WI_1,HOBBIES_2,2013,10,0.9557285091315868,1490,6.769641976852503,6.419994928147142,6.645090969505644,6.486160788944089,0.0,2.0,"[10.0,0.9557285091315868,1490.0,6.419994928147142,6.645090969505644,6.486160788944089,0.0,2.0]"
162,WI_1,HOBBIES_2,2013,11,0.9557285091315877,1490,6.5998704992128365,6.769641976852503,6.419994928147142,6.645090969505644,0.0,2.0,"[11.0,0.9557285091315877,1490.0,6.769641976852503,6.419994928147142,6.645090969505644,0.0,2.0]"
163,WI_1,HOBBIES_2,2013,12,0.9557285091315868,1490,6.76849321164863,6.5998704992128365,6.769641976852503,6.419994928147142,0.0,2.0,"[12.0,0.9557285091315868,1490.0,6.5998704992128365,6.769641976852503,6.419994928147142,0.0,2.0]"
164,WI_1,HOBBIES_2,2014,1,0.9557285091315868,1490,6.543911845564792,6.76849321164863,6.5998704992128365,6.769641976852503,0.0,3.0,"[1.0,0.9557285091315868,1490.0,6.76849321164863,6.5998704992128365,6.769641976852503,0.0,3.0]"
165,WI_1,HOBBIES_2,2014,2,0.9557285091315872,1490,6.682108597449809,6.543911845564792,6.76849321164863,6.5998704992128365,0.0,3.0,"[2.0,0.9557285091315872,1490.0,6.543911845564792,6.76849321164863,6.5998704992128365,0.0,3.0]"
166,WI_1,HOBBIES_2,2014,3,0.9557285091315868,1490,6.608000625296087,6.682108597449809,6.543911845564792,6.76849321164863,0.0,3.0,"[3.0,0.9557285091315868,1490.0,6.682108597449809,6.543911845564792,6.76849321164863,0.0,3.0]"
167,WI_1,HOBBIES_2,2014,4,0.9557285091315877,1490,6.473890696352274,6.608000625296087,6.682108597449809,6.543911845564792,0.0,3.0,"[4.0,0.9557285091315877,1490.0,6.608000625296087,6.682108597449809,6.543911845564792,0.0,3.0]"
168,WI_1,HOBBIES_2,2014,5,0.9557285091315868,1490,6.728628613084702,6.473890696352274,6.608000625296087,6.682108597449809,0.0,3.0,"[5.0,0.9557285091315868,1490.0,6.473890696352274,6.608000625296087,6.682108597449809,0.0,3.0]"
169,WI_1,HOBBIES_2,2014,6,0.9557285091315877,1490,6.655440350367647,6.728628613084702,6.473890696352274,6.608000625296087,0.0,3.0,"[6.0,0.9557285091315877,1490.0,6.728628613084702,6.473890696352274,6.608000625296087,0.0,3.0]"
170,WI_1,HOBBIES_2,2014,7,0.9557285091315868,1490,6.659293919683638,6.655440350367647,6.728628613084702,6.473890696352274,0.0,3.0,"[7.0,0.9557285091315868,1490.0,6.655440350367647,6.728628613084702,6.473890696352274,0.0,3.0]"
171,WI_1,HOBBIES_2,2014,8,0.9557285091315868,1490,6.76849321164863,6.659293919683638,6.655440350367647,6.728628613084702,0.0,3.0,"[8.0,0.9557285091315868,1490.0,6.659293919683638,6.655440350367647,6.728628613084702,0.0,3.0]"
172,WI_1,HOBBIES_2,2014,9,0.9557285091315877,1490,6.890609120147166,6.76849321164863,6.659293919683638,6.655440350367647,0.0,3.0,"[9.0,0.9557285091315877,1490.0,6.76849321164863,6.659293919683638,6.655440350367647,0.0,3.0]"
173,WI_1,HOBBIES_2,2014,10,0.9557285091315868,1490,7.5310163320779155,6.890609120147166,6.76849321164863,6.659293919683638,0.0,3.0,"[10.0,0.9557285091315868,1490.0,6.890609120147166,6.76849321164863,6.659293919683638,0.0,3.0]"
174,WI_1,HOBBIES_2,2014,11,0.9557285091315877,1490,7.3758821482150125,7.5310163320779155,6.890609120147166,6.76849321164863,0.0,3.0,"[11.0,0.9557285091315877,1490.0,7.5310163320779155,6.890609120147166,6.76849321164863,0.0,3.0]"
175,WI_1,HOBBIES_2,2014,12,0.9557285091315868,1490,7.425953657077541,7.3758821482150125,7.5310163320779155,6.890609120147166,0.0,3.0,"[12.0,0.9557285091315868,1490.0,7.3758821482150125,7.5310163320779155,6.890609120147166,0.0,3.0]"
176,WI_1,HOBBIES_2,2015,1,0.9557285091315868,1490,6.858565034791365,7.425953657077541,7.3758821482150125,7.5310163320779155,0.0,4.0,"[1.0,0.9557285091315868,1490.0,7.425953657077541,7.3758821482150125,7.5310163320779155,0.0,4.0]"
177,WI_1,HOBBIES_2,2015,2,0.9557285091315872,1490,6.806829360392176,6.858565034791365,7.425953657077541,7.3758821482150125,0.0,4.0,"[2.0,0.9557285091315872,1490.0,6.858565034791365,7.425953657077541,7.3758821482150125,0.0,4.0]"
178,WI_1,HOBBIES_2,2015,3,0.9557285091315868,1490,7.07326971745971,6.806829360392176,6.858565034791365,7.425953657077541,0.0,4.0,"[3.0,0.9557285091315868,1490.0,6.806829360392176,6.858565034791365,7.425953657077541,0.0,4.0]"
179,WI_1,HOBBIES_2,2015,4,0.9557285091315877,1490,6.9782137426306985,7.07326971745971,6.806829360392176,6.858565034791365,0.0,4.0,"[4.0,0.9557285091315877,1490.0,7.07326971745971,6.806829360392176,6.858565034791365,0.0,4.0]"
180,WI_1,HOBBIES_2,2015,5,0.9557285091315868,1490,6.792344427470809,6.9782137426306985,7.07326971745971,6.806829360392176,0.0,4.0,"[5.0,0.9557285091315868,1490.0,6.9782137426306985,7.07326971745971,6.806829360392176,0.0,4.0]"
181,WI_1,HOBBIES_2,2015,6,0.9557285091315877,1490,6.692083742506628,6.792344427470809,6.9782137426306985,7.07326971745971,0.0,4.0,"[6.0,0.9557285091315877,1490.0,6.792344427470809,6.9782137426306985,7.07326971745971,0.0,4.0]"
182,WI_1,HOBBIES_2,2015,7,0.9557285091315868,1490,6.717804695023691,6.692083742506628,6.792344427470809,6.9782137426306985,0.0,4.0,"[7.0,0.9557285091315868,1490.0,6.692083742506628,6.792344427470809,6.9782137426306985,0.0,4.0]"
183,WI_1,HOBBIES_2,2015,8,0.9557285091315868,1490,6.93537044601511,6.717804695023691,6.692083742506628,6.792344427470809,0.0,4.0,"[8.0,0.9557285091315868,1490.0,6.717804695023691,6.692083742506628,6.792344427470809,0.0,4.0]"
184,WI_1,HOBBIES_2,2015,9,0.9557285091315877,1490,6.856461984594587,6.93537044601511,6.717804695023691,6.692083742506628,0.0,4.0,"[9.0,0.9557285091315877,1490.0,6.93537044601511,6.717804695023691,6.692083742506628,0.0,4.0]"
185,WI_1,HOBBIES_2,2015,10,0.9557285091315868,1490,7.261927092702751,6.856461984594587,6.93537044601511,6.717804695023691,0.0,4.0,"[10.0,0.9557285091315868,1490.0,6.856461984594587,6.93537044601511,6.717804695023691,0.0,4.0]"
186,WI_1,HOBBIES_2,2015,11,0.9557285091315877,1490,7.061334366910438,7.261927092702751,6.856461984594587,6.93537044601511,0.0,4.0,"[11.0,0.9557285091315877,1490.0,7.261927092702751,6.856461984594587,6.93537044601511,0.0,4.0]"
187,WI_1,HOBBIES_2,2015,12,0.9557285091315868,1490,7.299797366758161,7.061334366910438,7.261927092702751,6.856461984594587,0.0,4.0,"[12.0,0.9557285091315868,1490.0,7.061334366910438,7.261927092702751,6.856461984594587,0.0,4.0]"
188,WI_1,HOBBIES_2,2016,1,0.9557285091315868,1490,6.7226297948554485,7.299797366758161,7.061334366910438,7.261927092702751,0.0,5.0,"[1.0,0.9557285091315868,1490.0,7.299797366758161,7.061334366910438,7.261927092702751,0.0,5.0]"
189,WI_1,HOBBIES_2,2016,2,0.955728509131587,1490,6.763884908562435,6.7226297948554485,7.299797366758161,7.061334366910438,0.0,5.0,"[2.0,0.955728509131587,1490.0,6.7226297948554485,7.299797366758161,7.061334366910438,0.0,5.0]"
190,WI_1,HOBBIES_2,2016,3,0.9557285091315868,1490,6.851184927493743,6.763884908562435,6.7226297948554485,7.299797366758161,0.0,5.0,"[3.0,0.9557285091315868,1490.0,6.763884908562435,6.7226297948554485,7.299797366758161,0.0,5.0]"
191,WI_1,HOBBIES_2,2016,4,0.9557285091315868,1490,6.642486801367256,6.851184927493743,6.763884908562435,6.7226297948554485,0.0,5.0,"[4.0,0.9557285091315868,1490.0,6.851184927493743,6.763884908562435,6.7226297948554485,0.0,5.0]"
192,WI_1,HOUSEHOLD_1,2011,1,1.64484711664434,0,6.720220155135295,0.0,0.0,0.0,0.0,0.0,"(8,[0,1],[1.0,1.64484711664434])"
193,WI_1,HOUSEHOLD_1,2011,2,1.64484711664434,5320,8.82864061741828,6.720220155135295,0.0,0.0,0.0,0.0,"(8,[0,1,2,3],[2.0,1.64484711664434,5320.0,6.720220155135295])"
194,WI_1,HOUSEHOLD_1,2011,3,1.6448471166443401,5320,9.018453210312527,8.82864061741828,6.720220155135295,0.0,0.0,0.0,"[3.0,1.6448471166443401,5320.0,8.82864061741828,6.720220155135295,0.0,0.0,0.0]"
195,WI_1,HOUSEHOLD_1,2011,4,1.6448471166443401,5320,8.902183446335016,9.018453210312527,8.82864061741828,6.720220155135295,0.0,0.0,"[4.0,1.6448471166443401,5320.0,9.018453210312527,8.82864061741828,6.720220155135295,0.0,0.0]"
196,WI_1,HOUSEHOLD_1,2011,5,1.6448471166443401,5320,8.920255414908091,8.902183446335016,9.018453210312527,8.82864061741828,0.0,0.0,"[5.0,1.6448471166443401,5320.0,8.902183446335016,9.018453210312527,8.82864061741828,0.0,0.0]"
197,WI_1,HOUSEHOLD_1,2011,6,1.6448471166443401,5320,8.997270906233448,8.920255414908091,8.902183446335016,9.018453210312527,0.0,0.0,"[6.0,1.6448471166443401,5320.0,8.920255414908091,8.902183446335016,9.018453210312527,0.0,0.0]"
198,WI_1,HOUSEHOLD_1,2011,7,1.6448471166443401,5320,9.064042114358884,8.997270906233448,8.920255414908091,8.902183446335016,0.0,0.0,"[7.0,1.6448471166443401,5320.0,8.997270906233448,8.920255414908091,8.902183446335016,0.0,0.0]"
199,WI_1,HOUSEHOLD_1,2011,8,1.6448471166443401,5320,9.14633504200027,9.064042114358884,8.997270906233448,8.920255414908091,0.0,0.0,"[8.0,1.6448471166443401,5320.0,9.064042114358884,8.997270906233448,8.920255414908091,0.0,0.0]"
200,WI_1,HOUSEHOLD_1,2011,9,1.6448471166443401,5320,9.150696519048667,9.14633504200027,9.064042114358884,8.997270906233448,0.0,0.0,"[9.0,1.6448471166443401,5320.0,9.14633504200027,9.064042114358884,8.997270906233448,0.0,0.0]"
201,WI_1,HOUSEHOLD_1,2011,10,1.6448471166443401,5320,9.16868469670735,9.150696519048667,9.14633504200027,9.064042114358884,0.0,0.0,"[10.0,1.6448471166443401,5320.0,9.150696519048667,9.14633504200027,9.064042114358884,0.0,0.0]"
202,WI_1,HOUSEHOLD_1,2011,11,1.6448471166443401,5320,9.030016817844901,9.16868469670735,9.150696519048667,9.14633504200027,0.0,0.0,"[11.0,1.6448471166443401,5320.0,9.16868469670735,9.150696519048667,9.14633504200027,0.0,0.0]"
203,WI_1,HOUSEHOLD_1,2011,12,1.6448471166443401,5320,9.020147920801659,9.030016817844901,9.16868469670735,9.150696519048667,0.0,0.0,"[12.0,1.6448471166443401,5320.0,9.030016817844901,9.16868469670735,9.150696519048667,0.0,0.0]"
204,WI_1,HOUSEHOLD_1,2012,1,1.6448471166443401,5320,9.115370134384955,9.020147920801659,9.030016817844901,9.16868469670735,0.0,1.0,"[1.0,1.6448471166443401,5320.0,9.020147920801659,9.030016817844901,9.16868469670735,0.0,1.0]"
205,WI_1,HOUSEHOLD_1,2012,2,1.644847116644339,5320,9.21024036697585,9.115370134384955,9.020147920801659,9.030016817844901,0.0,1.0,"[2.0,1.644847116644339,5320.0,9.115370134384955,9.020147920801659,9.030016817844901,0.0,1.0]"
206,WI_1,HOUSEHOLD_1,2012,3,1.6448471166443401,5320,9.299449547047958,9.21024036697585,9.115370134384955,9.020147920801659,0.0,1.0,"[3.0,1.6448471166443401,5320.0,9.21024036697585,9.115370134384955,9.020147920801659,0.0,1.0]"
207,WI_1,HOUSEHOLD_1,2012,4,1.6448471166443401,5320,9.2314166975781,9.299449547047958,9.21024036697585,9.115370134384955,0.0,1.0,"[4.0,1.6448471166443401,5320.0,9.299449547047958,9.21024036697585,9.115370134384955,0.0,1.0]"
208,WI_1,HOUSEHOLD_1,2012,5,1.6448471166443401,5320,9.138844370271112,9.2314166975781,9.299449547047958,9.21024036697585,0.0,1.0,"[5.0,1.6448471166443401,5320.0,9.2314166975781,9.299449547047958,9.21024036697585,0.0,1.0]"
209,WI_1,HOUSEHOLD_1,2012,6,1.6448471166443401,5320,9.378224880972368,9.138844370271112,9.2314166975781,9.299449547047958,0.0,1.0,"[6.0,1.6448471166443401,5320.0,9.138844370271112,9.2314166975781,9.299449547047958,0.0,1.0]"
210,WI_1,HOUSEHOLD_1,2012,7,1.6448471166443401,5320,9.36913738372318,9.378224880972368,9.138844370271112,9.2314166975781,0.0,1.0,"[7.0,1.6448471166443401,5320.0,9.378224880972368,9.138844370271112,9.2314166975781,0.0,1.0]"
211,WI_1,HOUSEHOLD_1,2012,8,1.6448471166443401,5320,9.39465993143281,9.36913738372318,9.378224880972368,9.138844370271112,0.0,1.0,"[8.0,1.6448471166443401,5320.0,9.36913738372318,9.378224880972368,9.138844370271112,0.0,1.0]"
212,WI_1,HOUSEHOLD_1,2012,9,1.6448471166443401,5320,9.496571392160648,9.39465993143281,9.36913738372318,9.378224880972368,0.0,1.0,"[9.0,1.6448471166443401,5320.0,9.39465993143281,9.36913738372318,9.378224880972368,0.0,1.0]"
213,WI_1,HOUSEHOLD_1,2012,10,1.6448471166443401,5320,9.255600503381046,9.496571392160648,9.39465993143281,9.36913738372318,0.0,1.0,"[10.0,1.6448471166443401,5320.0,9.496571392160648,9.39465993143281,9.36913738372318,0.0,1.0]"
214,WI_1,HOUSEHOLD_1,2012,11,1.6448471166443401,5320,9.547241088215463,9.255600503381046,9.496571392160648,9.39465993143281,0.0,1.0,"[11.0,1.6448471166443401,5320.0,9.255600503381046,9.496571392160648,9.39465993143281,0.0,1.0]"
215,WI_1,HOUSEHOLD_1,2012,12,1.6448471166443401,5320,9.470702633773001,9.547241088215463,9.255600503381046,9.496571392160648,0.0,1.0,"[12.0,1.6448471166443401,5320.0,9.547241088215463,9.255600503381046,9.496571392160648,0.0,1.0]"
216,WI_1,HOUSEHOLD_1,2013,1,1.6448471166443401,5320,9.429797135432397,9.470702633773001,9.547241088215463,9.255600503381046,0.0,2.0,"[1.0,1.6448471166443401,5320.0,9.470702633773001,9.547241088215463,9.255600503381046,0.0,2.0]"
217,WI_1,HOUSEHOLD_1,2013,2,1.64484711664434,5320,9.463042725531936,9.429797135432397,9.470702633773001,9.547241088215463,0.0,2.0,"[2.0,1.64484711664434,5320.0,9.429797135432397,9.470702633773001,9.547241088215463,0.0,2.0]"
218,WI_1,HOUSEHOLD_1,2013,3,1.6448471166443401,5320,9.611797458686809,9.463042725531936,9.429797135432397,9.470702633773001,0.0,2.0,"[3.0,1.6448471166443401,5320.0,9.463042725531936,9.429797135432397,9.470702633773001,0.0,2.0]"
219,WI_1,HOUSEHOLD_1,2013,4,1.6448471166443401,5320,9.456809748593889,9.611797458686809,9.463042725531936,9.429797135432397,0.0,2.0,"[4.0,1.6448471166443401,5320.0,9.611797458686809,9.463042725531936,9.429797135432397,0.0,2.0]"
220,WI_1,HOUSEHOLD_1,2013,5,1.6448471166443401,5320,9.45258041898138,9.456809748593889,9.611797458686809,9.463042725531936,0.0,2.0,"[5.0,1.6448471166443401,5320.0,9.456809748593889,9.611797458686809,9.463042725531936,0.0,2.0]"
221,WI_1,HOUSEHOLD_1,2013,6,1.6448471166443401,5320,9.406318255217624,9.45258041898138,9.456809748593889,9.611797458686809,0.0,2.0,"[6.0,1.6448471166443401,5320.0,9.45258041898138,9.456809748593889,9.611797458686809,0.0,2.0]"
222,WI_1,HOUSEHOLD_1,2013,7,1.6448471166443401,5320,9.548810611260068,9.406318255217624,9.45258041898138,9.456809748593889,0.0,2.0,"[7.0,1.6448471166443401,5320.0,9.406318255217624,9.45258041898138,9.456809748593889,0.0,2.0]"
223,WI_1,HOUSEHOLD_1,2013,8,1.6448471166443401,5320,9.516353401112687,9.548810611260068,9.406318255217624,9.45258041898138,0.0,2.0,"[8.0,1.6448471166443401,5320.0,9.548810611260068,9.406318255217624,9.45258041898138,0.0,2.0]"
224,WI_1,HOUSEHOLD_1,2013,9,1.6448471166443401,5320,9.495068084601527,9.516353401112687,9.548810611260068,9.406318255217624,0.0,2.0,"[9.0,1.6448471166443401,5320.0,9.516353401112687,9.548810611260068,9.406318255217624,0.0,2.0]"
225,WI_1,HOUSEHOLD_1,2013,10,1.6448471166443401,5320,9.425451751593128,9.495068084601527,9.516353401112687,9.548810611260068,0.0,2.0,"[10.0,1.6448471166443401,5320.0,9.495068084601527,9.516353401112687,9.548810611260068,0.0,2.0]"
226,WI_1,HOUSEHOLD_1,2013,11,1.6448471166443401,5320,9.407304205507007,9.425451751593128,9.495068084601527,9.516353401112687,0.0,2.0,"[11.0,1.6448471166443401,5320.0,9.425451751593128,9.495068084601527,9.516353401112687,0.0,2.0]"
227,WI_1,HOUSEHOLD_1,2013,12,1.6448471166443401,5320,9.323490469908839,9.407304205507007,9.425451751593128,9.495068084601527,0.0,2.0,"[12.0,1.6448471166443401,5320.0,9.407304205507007,9.425451751593128,9.495068084601527,0.0,2.0]"
228,WI_1,HOUSEHOLD_1,2014,1,1.6448471166443401,5320,9.394826251599515,9.323490469908839,9.407304205507007,9.425451751593128,0.0,3.0,"[1.0,1.6448471166443401,5320.0,9.323490469908839,9.407304205507007,9.425451751593128,0.0,3.0]"
229,WI_1,HOUSEHOLD_1,2014,2,1.64484711664434,5320,9.510593101601815,9.394826251599515,9.323490469908839,9.407304205507007,0.0,3.0,"[2.0,1.64484711664434,5320.0,9.394826251599515,9.323490469908839,9.407304205507007,0.0,3.0]"
230,WI_1,HOUSEHOLD_1,2014,3,1.6448471166443401,5320,9.617470759403409,9.510593101601815,9.394826251599515,9.323490469908839,0.0,3.0,"[3.0,1.6448471166443401,5320.0,9.510593101601815,9.394826251599515,9.323490469908839,0.0,3.0]"
231,WI_1,HOUSEHOLD_1,2014,4,1.6448471166443401,5320,9.497472293122483,9.617470759403409,9.510593101601815,9.394826251599515,0.0,3.0,"[4.0,1.6448471166443401,5320.0,9.617470759403409,9.510593101601815,9.394826251599515,0.0,3.0]"
232,WI_1,HOUSEHOLD_1,2014,5,1.6448471166443401,5320,9.50159106930499,9.497472293122483,9.617470759403409,9.510593101601815,0.0,3.0,"[5.0,1.6448471166443401,5320.0,9.497472293122483,9.617470759403409,9.510593101601815,0.0,3.0]"
233,WI_1,HOUSEHOLD_1,2014,6,1.6448471166443401,5320,9.510000421187371,9.50159106930499,9.497472293122483,9.617470759403409,0.0,3.0,"[6.0,1.6448471166443401,5320.0,9.50159106930499,9.497472293122483,9.617470759403409,0.0,3.0]"
234,WI_1,HOUSEHOLD_1,2014,7,1.6448471166443401,5320,9.60008251961911,9.510000421187371,9.50159106930499,9.497472293122483,0.0,3.0,"[7.0,1.6448471166443401,5320.0,9.510000421187371,9.50159106930499,9.497472293122483,0.0,3.0]"
235,WI_1,HOUSEHOLD_1,2014,8,1.6448471166443401,5320,9.69109846411978,9.60008251961911,9.510000421187371,9.50159106930499,0.0,3.0,"[8.0,1.6448471166443401,5320.0,9.60008251961911,9.510000421187371,9.50159106930499,0.0,3.0]"
236,WI_1,HOUSEHOLD_1,2014,9,1.6448471166443401,5320,9.540219493127752,9.69109846411978,9.60008251961911,9.510000421187371,0.0,3.0,"[9.0,1.6448471166443401,5320.0,9.69109846411978,9.60008251961911,9.510000421187371,0.0,3.0]"
237,WI_1,HOUSEHOLD_1,2014,10,1.6448471166443401,5320,9.559305672844863,9.540219493127752,9.69109846411978,9.60008251961911,0.0,3.0,"[10.0,1.6448471166443401,5320.0,9.540219493127752,9.69109846411978,9.60008251961911,0.0,3.0]"
238,WI_1,HOUSEHOLD_1,2014,11,1.6448471166443401,5320,9.562475024372697,9.559305672844863,9.540219493127752,9.69109846411978,0.0,3.0,"[11.0,1.6448471166443401,5320.0,9.559305672844863,9.540219493127752,9.69109846411978,0.0,3.0]"
239,WI_1,HOUSEHOLD_1,2014,12,1.6448471166443401,5320,9.472089062401459,9.562475024372697,9.559305672844863,9.540219493127752,0.0,3.0,"[12.0,1.6448471166443401,5320.0,9.562475024372697,9.559305672844863,9.540219493127752,0.0,3.0]"
240,WI_1,HOUSEHOLD_1,2015,1,1.6448471166443401,5320,9.692766521220475,9.472089062401459,9.562475024372697,9.559305672844863,0.0,4.0,"[1.0,1.6448471166443401,5320.0,9.472089062401459,9.562475024372697,9.559305672844863,0.0,4.0]"
241,WI_1,HOUSEHOLD_1,2015,2,1.64484711664434,5320,9.64523482410835,9.692766521220475,9.472089062401459,9.562475024372697,0.0,4.0,"[2.0,1.64484711664434,5320.0,9.692766521220475,9.472089062401459,9.562475024372697,0.0,4.0]"
242,WI_1,HOUSEHOLD_1,2015,3,1.6448471166443401,5320,9.731809155840653,9.64523482410835,9.692766521220475,9.472089062401459,0.0,4.0,"[3.0,1.6448471166443401,5320.0,9.64523482410835,9.692766521220475,9.472089062401459,0.0,4.0]"
243,WI_1,HOUSEHOLD_1,2015,4,1.6448471166443401,5320,9.693260226488464,9.731809155840653,9.64523482410835,9.692766521220475,0.0,4.0,"[4.0,1.6448471166443401,5320.0,9.731809155840653,9.64523482410835,9.692766521220475,0.0,4.0]"
244,WI_1,HOUSEHOLD_1,2015,5,1.6448471166443401,5320,9.783633624060649,9.693260226488464,9.731809155840653,9.64523482410835,0.0,4.0,"[5.0,1.6448471166443401,5320.0,9.693260226488464,9.731809155840653,9.64523482410835,0.0,4.0]"
245,WI_1,HOUSEHOLD_1,2015,6,1.6448471166443401,5320,9.70838466137744,9.783633624060649,9.693260226488464,9.731809155840653,0.0,4.0,"[6.0,1.6448471166443401,5320.0,9.783633624060649,9.693260226488464,9.731809155840653,0.0,4.0]"
246,WI_1,HOUSEHOLD_1,2015,7,1.6448471166443401,5320,9.777754247070364,9.70838466137744,9.783633624060649,9.693260226488464,0.0,4.0,"[7.0,1.6448471166443401,5320.0,9.70838466137744,9.783633624060649,9.693260226488464,0.0,4.0]"
247,WI_1,HOUSEHOLD_1,2015,8,1.6448471166443401,5320,9.888323152016355,9.777754247070364,9.70838466137744,9.783633624060649,0.0,4.0,"[8.0,1.6448471166443401,5320.0,9.777754247070364,9.70838466137744,9.783633624060649,0.0,4.0]"
248,WI_1,HOUSEHOLD_1,2015,9,1.6448471166443401,5320,9.73790511174645,9.888323152016355,9.777754247070364,9.70838466137744,0.0,4.0,"[9.0,1.6448471166443401,5320.0,9.888323152016355,9.777754247070364,9.70838466137744,0.0,4.0]"
249,WI_1,HOUSEHOLD_1,2015,10,1.6448471166443401,5320,9.773435813175855,9.73790511174645,9.888323152016355,9.777754247070364,0.0,4.0,"[10.0,1.6448471166443401,5320.0,9.73790511174645,9.888323152016355,9.777754247070364,0.0,4.0]"
250,WI_1,HOUSEHOLD_1,2015,11,1.6448471166443401,5320,9.744960644307891,9.773435813175855,9.73790511174645,9.888323152016355,0.0,4.0,"[11.0,1.6448471166443401,5320.0,9.773435813175855,9.73790511174645,9.888323152016355,0.0,4.0]"
251,WI_1,HOUSEHOLD_1,2015,12,1.6448471166443401,5320,9.744843459096531,9.744960644307891,9.773435813175855,9.73790511174645,0.0,4.0,"[12.0,1.6448471166443401,5320.0,9.744960644307891,9.773435813175855,9.73790511174645,0.0,4.0]"
252,WI_1,HOUSEHOLD_1,2016,1,1.6448471166443401,5320,9.826822467600643,9.744843459096531,9.744960644307891,9.773435813175855,0.0,5.0,"[1.0,1.6448471166443401,5320.0,9.744843459096531,9.744960644307891,9.773435813175855,0.0,5.0]"
253,WI_1,HOUSEHOLD_1,2016,2,1.644847116644339,5320,9.754697478950966,9.826822467600643,9.744843459096531,9.744960644307891,0.0,5.0,"[2.0,1.644847116644339,5320.0,9.826822467600643,9.744843459096531,9.744960644307891,0.0,5.0]"
254,WI_1,HOUSEHOLD_1,2016,3,1.6448471166443401,5320,9.763363044441961,9.754697478950966,9.826822467600643,9.744843459096531,0.0,5.0,"[3.0,1.6448471166443401,5320.0,9.754697478950966,9.826822467600643,9.744843459096531,0.0,5.0]"
255,WI_1,HOUSEHOLD_1,2016,4,1.6448471166443401,5320,9.607033787697222,9.763363044441961,9.754697478950966,9.826822467600643,0.0,5.0,"[4.0,1.6448471166443401,5320.0,9.763363044441961,9.754697478950966,9.826822467600643,0.0,5.0]"
256,WI_1,FOODS_1,2011,1,1.2468813276507815,0,6.75343791859778,0.0,0.0,0.0,0.0,0.0,"(8,[0,1],[1.0,1.2468813276507815])"
257,WI_1,FOODS_1,2011,2,1.246881327650782,2160,8.728749873478527,6.75343791859778,0.0,0.0,0.0,0.0,"(8,[0,1,2,3],[2.0,1.246881327650782,2160.0,6.75343791859778])"
258,WI_1,FOODS_1,2011,3,1.2468813276507817,2160,8.790269111478656,8.728749873478527,6.75343791859778,0.0,0.0,0.0,"[3.0,1.2468813276507817,2160.0,8.728749873478527,6.75343791859778,0.0,0.0,0.0]"
259,WI_1,FOODS_1,2011,4,1.2468813276507817,2160,8.755107121633896,8.790269111478656,8.728749873478527,6.75343791859778,0.0,0.0,"[4.0,1.2468813276507817,2160.0,8.790269111478656,8.728749873478527,6.75343791859778,0.0,0.0]"
260,WI_1,FOODS_1,2011,5,1.2468813276507817,2160,8.633196867172543,8.755107121633896,8.790269111478656,8.728749873478527,0.0,0.0,"[5.0,1.2468813276507817,2160.0,8.755107121633896,8.790269111478656,8.728749873478527,0.0,0.0]"
261,WI_1,FOODS_1,2011,6,1.2468813276507817,2160,8.645762292210945,8.633196867172543,8.755107121633896,8.790269111478656,0.0,0.0,"[6.0,1.2468813276507817,2160.0,8.633196867172543,8.755107121633896,8.790269111478656,0.0,0.0]"
262,WI_1,FOODS_1,2011,7,1.2468813276507817,2160,8.72518249495877,8.645762292210945,8.633196867172543,8.755107121633896,0.0,0.0,"[7.0,1.2468813276507817,2160.0,8.645762292210945,8.633196867172543,8.755107121633896,0.0,0.0]"
263,WI_1,FOODS_1,2011,8,1.2468813276507817,2160,8.538367426647644,8.72518249495877,8.645762292210945,8.633196867172543,0.0,0.0,"[8.0,1.2468813276507817,2160.0,8.72518249495877,8.645762292210945,8.633196867172543,0.0,0.0]"
264,WI_1,FOODS_1,2011,9,1.2468813276507817,2160,8.692993531219926,8.538367426647644,8.72518249495877,8.645762292210945,0.0,0.0,"[9.0,1.2468813276507817,2160.0,8.538367426647644,8.72518249495877,8.645762292210945,0.0,0.0]"
265,WI_1,FOODS_1,2011,10,1.2468813276507817,2160,8.76170676846664,8.692993531219926,8.538367426647644,8.72518249495877,0.0,0.0,"[10.0,1.2468813276507817,2160.0,8.692993531219926,8.538367426647644,8.72518249495877,0.0,0.0]"
266,WI_1,FOODS_1,2011,11,1.2468813276507817,2160,8.680671660408713,8.76170676846664,8.692993531219926,8.538367426647644,0.0,0.0,"[11.0,1.2468813276507817,2160.0,8.76170676846664,8.692993531219926,8.538367426647644,0.0,0.0]"
267,WI_1,FOODS_1,2011,12,1.2468813276507817,2160,8.978660489639687,8.680671660408713,8.76170676846664,8.692993531219926,0.0,0.0,"[12.0,1.2468813276507817,2160.0,8.680671660408713,8.76170676846664,8.692993531219926,0.0,0.0]"
268,WI_1,FOODS_1,2012,1,1.2468813276507817,2160,8.879611609982035,8.978660489639687,8.680671660408713,8.76170676846664,0.0,1.0,"[1.0,1.2468813276507817,2160.0,8.978660489639687,8.680671660408713,8.76170676846664,0.0,1.0]"
269,WI_1,FOODS_1,2012,2,1.246881327650781,2160,9.003931019653137,8.879611609982035,8.978660489639687,8.680671660408713,0.0,1.0,"[2.0,1.246881327650781,2160.0,8.879611609982035,8.978660489639687,8.680671660408713,0.0,1.0]"
270,WI_1,FOODS_1,2012,3,1.2468813276507817,2160,9.079092085366229,9.003931019653137,8.879611609982035,8.978660489639687,0.0,1.0,"[3.0,1.2468813276507817,2160.0,9.003931019653137,8.879611609982035,8.978660489639687,0.0,1.0]"
271,WI_1,FOODS_1,2012,4,1.2468813276507817,2160,9.000976444070345,9.079092085366229,9.003931019653137,8.879611609982035,0.0,1.0,"[4.0,1.2468813276507817,2160.0,9.079092085366229,9.003931019653137,8.879611609982035,0.0,1.0]"
272,WI_1,FOODS_1,2012,5,1.2468813276507817,2160,8.875985891325971,9.000976444070345,9.079092085366229,9.003931019653137,0.0,1.0,"[5.0,1.2468813276507817,2160.0,9.000976444070345,9.079092085366229,9.003931019653137,0.0,1.0]"
273,WI_1,FOODS_1,2012,6,1.2468813276507817,2160,8.866722667194098,8.875985891325971,9.000976444070345,9.079092085366229,0.0,1.0,"[6.0,1.2468813276507817,2160.0,8.875985891325971,9.000976444070345,9.079092085366229,0.0,1.0]"
274,WI_1,FOODS_1,2012,7,1.2468813276507817,2160,8.954673628956414,8.866722667194098,8.875985891325971,9.000976444070345,0.0,1.0,"[7.0,1.2468813276507817,2160.0,8.866722667194098,8.875985891325971,9.000976444070345,0.0,1.0]"
275,WI_1,FOODS_1,2012,8,1.2468813276507817,2160,9.119211438565081,8.954673628956414,8.866722667194098,8.875985891325971,0.0,1.0,"[8.0,1.2468813276507817,2160.0,8.954673628956414,8.866722667194098,8.875985891325971,0.0,1.0]"
276,WI_1,FOODS_1,2012,9,1.2468813276507817,2160,9.136263168579868,9.119211438565081,8.954673628956414,8.866722667194098,0.0,1.0,"[9.0,1.2468813276507817,2160.0,9.119211438565081,8.954673628956414,8.866722667194098,0.0,1.0]"
277,WI_1,FOODS_1,2012,10,1.2468813276507817,2160,8.937875265329263,9.136263168579868,9.119211438565081,8.954673628956414,0.0,1.0,"[10.0,1.2468813276507817,2160.0,9.136263168579868,9.119211438565081,8.954673628956414,0.0,1.0]"
278,WI_1,FOODS_1,2012,11,1.2468813276507817,2160,8.733271845008325,8.937875265329263,9.136263168579868,9.119211438565081,0.0,1.0,"[11.0,1.2468813276507817,2160.0,8.937875265329263,9.136263168579868,9.119211438565081,0.0,1.0]"
279,WI_1,FOODS_1,2012,12,1.2468813276507817,2160,9.135185698375423,8.733271845008325,8.937875265329263,9.136263168579868,0.0,1.0,"[12.0,1.2468813276507817,2160.0,8.733271845008325,8.937875265329263,9.136263168579868,0.0,1.0]"
280,WI_1,FOODS_1,2013,1,1.2468813276507817,2160,8.82555985506085,9.135185698375423,8.733271845008325,8.937875265329263,0.0,2.0,"[1.0,1.2468813276507817,2160.0,9.135185698375423,8.733271845008325,8.937875265329263,0.0,2.0]"
281,WI_1,FOODS_1,2013,2,1.246881327650782,2160,8.775240458738327,8.82555985506085,9.135185698375423,8.733271845008325,0.0,2.0,"[2.0,1.246881327650782,2160.0,8.82555985506085,9.135185698375423,8.733271845008325,0.0,2.0]"
282,WI_1,FOODS_1,2013,3,1.2468813276507817,2160,9.237760967552175,8.775240458738327,8.82555985506085,9.135185698375423,0.0,2.0,"[3.0,1.2468813276507817,2160.0,8.775240458738327,8.82555985506085,9.135185698375423,0.0,2.0]"
283,WI_1,FOODS_1,2013,4,1.2468813276507817,2160,8.894944460956886,9.237760967552175,8.775240458738327,8.82555985506085,0.0,2.0,"[4.0,1.2468813276507817,2160.0,9.237760967552175,8.775240458738327,8.82555985506085,0.0,2.0]"
284,WI_1,FOODS_1,2013,5,1.2468813276507817,2160,9.090204570736201,8.894944460956886,9.237760967552175,8.775240458738327,0.0,2.0,"[5.0,1.2468813276507817,2160.0,8.894944460956886,9.237760967552175,8.775240458738327,0.0,2.0]"
285,WI_1,FOODS_1,2013,6,1.2468813276507817,2160,9.074635189810808,9.090204570736201,8.894944460956886,9.237760967552175,0.0,2.0,"[6.0,1.2468813276507817,2160.0,9.090204570736201,8.894944460956886,9.237760967552175,0.0,2.0]"
286,WI_1,FOODS_1,2013,7,1.2468813276507817,2160,9.144734614878189,9.074635189810808,9.090204570736201,8.894944460956886,0.0,2.0,"[7.0,1.2468813276507817,2160.0,9.074635189810808,9.090204570736201,8.894944460956886,0.0,2.0]"
287,WI_1,FOODS_1,2013,8,1.2468813276507817,2160,9.141740280483926,9.144734614878189,9.074635189810808,9.090204570736201,0.0,2.0,"[8.0,1.2468813276507817,2160.0,9.144734614878189,9.074635189810808,9.090204570736201,0.0,2.0]"
288,WI_1,FOODS_1,2013,9,1.2468813276507817,2160,8.98205864280585,9.141740280483926,9.144734614878189,9.074635189810808,0.0,2.0,"[9.0,1.2468813276507817,2160.0,9.141740280483926,9.144734614878189,9.074635189810808,0.0,2.0]"
289,WI_1,FOODS_1,2013,10,1.2468813276507817,2160,8.964439833539357,8.98205864280585,9.141740280483926,9.144734614878189,0.0,2.0,"[10.0,1.2468813276507817,2160.0,8.98205864280585,9.141740280483926,9.144734614878189,0.0,2.0]"
290,WI_1,FOODS_1,2013,11,1.2468813276507817,2160,8.817890200945513,8.964439833539357,8.98205864280585,9.141740280483926,0.0,2.0,"[11.0,1.2468813276507817,2160.0,8.964439833539357,8.98205864280585,9.141740280483926,0.0,2.0]"
291,WI_1,FOODS_1,2013,12,1.2468813276507817,2160,9.106090350602384,8.817890200945513,8.964439833539357,8.98205864280585,0.0,2.0,"[12.0,1.2468813276507817,2160.0,8.817890200945513,8.964439833539357,8.98205864280585,0.0,2.0]"
292,WI_1,FOODS_1,2014,1,1.2468813276507817,2160,8.876684166614451,9.106090350602384,8.817890200945513,8.964439833539357,0.0,3.0,"[1.0,1.2468813276507817,2160.0,9.106090350602384,8.817890200945513,8.964439833539357,0.0,3.0]"
293,WI_1,FOODS_1,2014,2,1.246881327650782,2160,8.858652969548489,8.876684166614451,9.106090350602384,8.817890200945513,0.0,3.0,"[2.0,1.246881327650782,2160.0,8.876684166614451,9.106090350602384,8.817890200945513,0.0,3.0]"
294,WI_1,FOODS_1,2014,3,1.2468813276507817,2160,8.930626469173578,8.858652969548489,8.876684166614451,9.106090350602384,0.0,3.0,"[3.0,1.2468813276507817,2160.0,8.858652969548489,8.876684166614451,9.106090350602384,0.0,3.0]"
295,WI_1,FOODS_1,2014,4,1.2468813276507817,2160,8.975124239427704,8.930626469173578,8.858652969548489,8.876684166614451,0.0,3.0,"[4.0,1.2468813276507817,2160.0,8.930626469173578,8.858652969548489,8.876684166614451,0.0,3.0]"
296,WI_1,FOODS_1,2014,5,1.2468813276507817,2160,8.91972065553706,8.975124239427704,8.930626469173578,8.858652969548489,0.0,3.0,"[5.0,1.2468813276507817,2160.0,8.975124239427704,8.930626469173578,8.858652969548489,0.0,3.0]"
297,WI_1,FOODS_1,2014,6,1.2468813276507817,2160,9.046526486737967,8.91972065553706,8.975124239427704,8.930626469173578,0.0,3.0,"[6.0,1.2468813276507817,2160.0,8.91972065553706,8.975124239427704,8.930626469173578,0.0,3.0]"
298,WI_1,FOODS_1,2014,7,1.2468813276507817,2160,9.061144065614055,9.046526486737967,8.91972065553706,8.975124239427704,0.0,3.0,"[7.0,1.2468813276507817,2160.0,9.046526486737967,8.91972065553706,8.975124239427704,0.0,3.0]"
299,WI_1,FOODS_1,2014,8,1.2468813276507817,2160,9.088737550216933,9.061144065614055,9.046526486737967,8.91972065553706,0.0,3.0,"[8.0,1.2468813276507817,2160.0,9.061144065614055,9.046526486737967,8.91972065553706,0.0,3.0]"
300,WI_1,FOODS_1,2014,9,1.2468813276507817,2160,9.005282288208358,9.088737550216933,9.061144065614055,9.046526486737967,0.0,3.0,"[9.0,1.2468813276507817,2160.0,9.088737550216933,9.061144065614055,9.046526486737967,0.0,3.0]"
301,WI_1,FOODS_1,2014,10,1.2468813276507817,2160,8.999372396592106,9.005282288208358,9.088737550216933,9.061144065614055,0.0,3.0,"[10.0,1.2468813276507817,2160.0,9.005282288208358,9.088737550216933,9.061144065614055,0.0,3.0]"
302,WI_1,FOODS_1,2014,11,1.2468813276507817,2160,8.785998208098329,8.999372396592106,9.005282288208358,9.088737550216933,0.0,3.0,"[11.0,1.2468813276507817,2160.0,8.999372396592106,9.005282288208358,9.088737550216933,0.0,3.0]"
303,WI_1,FOODS_1,2014,12,1.2468813276507817,2160,9.155884186180124,8.785998208098329,8.999372396592106,9.005282288208358,0.0,3.0,"[12.0,1.2468813276507817,2160.0,8.785998208098329,8.999372396592106,9.005282288208358,0.0,3.0]"
304,WI_1,FOODS_1,2015,1,1.2468813276507817,2160,9.13194630454817,9.155884186180124,8.785998208098329,8.999372396592106,0.0,4.0,"[1.0,1.2468813276507817,2160.0,9.155884186180124,8.785998208098329,8.999372396592106,0.0,4.0]"
305,WI_1,FOODS_1,2015,2,1.246881327650782,2160,9.051696278536586,9.13194630454817,9.155884186180124,8.785998208098329,0.0,4.0,"[2.0,1.246881327650782,2160.0,9.13194630454817,9.155884186180124,8.785998208098329,0.0,4.0]"
306,WI_1,FOODS_1,2015,3,1.2468813276507817,2160,9.056839480990421,9.051696278536586,9.13194630454817,9.155884186180124,0.0,4.0,"[3.0,1.2468813276507817,2160.0,9.051696278536586,9.13194630454817,9.155884186180124,0.0,4.0]"
307,WI_1,FOODS_1,2015,4,1.2468813276507817,2160,9.097059685517216,9.056839480990421,9.051696278536586,9.13194630454817,0.0,4.0,"[4.0,1.2468813276507817,2160.0,9.056839480990421,9.051696278536586,9.13194630454817,0.0,4.0]"
308,WI_1,FOODS_1,2015,5,1.2468813276507817,2160,9.22562299550734,9.097059685517216,9.056839480990421,9.051696278536586,0.0,4.0,"[5.0,1.2468813276507817,2160.0,9.097059685517216,9.056839480990421,9.051696278536586,0.0,4.0]"
309,WI_1,FOODS_1,2015,6,1.2468813276507817,2160,9.252920819511301,9.22562299550734,9.097059685517216,9.056839480990421,0.0,4.0,"[6.0,1.2468813276507817,2160.0,9.22562299550734,9.097059685517216,9.056839480990421,0.0,4.0]"
310,WI_1,FOODS_1,2015,7,1.2468813276507817,2160,9.276502574229852,9.252920819511301,9.22562299550734,9.097059685517216,0.0,4.0,"[7.0,1.2468813276507817,2160.0,9.252920819511301,9.22562299550734,9.097059685517216,0.0,4.0]"
311,WI_1,FOODS_1,2015,8,1.2468813276507817,2160,9.211040127090456,9.276502574229852,9.252920819511301,9.22562299550734,0.0,4.0,"[8.0,1.2468813276507817,2160.0,9.276502574229852,9.252920819511301,9.22562299550734,0.0,4.0]"
312,WI_1,FOODS_1,2015,9,1.2468813276507817,2160,9.104868739033948,9.211040127090456,9.276502574229852,9.252920819511301,0.0,4.0,"[9.0,1.2468813276507817,2160.0,9.211040127090456,9.276502574229852,9.252920819511301,0.0,4.0]"
313,WI_1,FOODS_1,2015,10,1.2468813276507817,2160,9.107421317968342,9.104868739033948,9.211040127090456,9.276502574229852,0.0,4.0,"[10.0,1.2468813276507817,2160.0,9.104868739033948,9.211040127090456,9.276502574229852,0.0,4.0]"
314,WI_1,FOODS_1,2015,11,1.2468813276507817,2160,8.976767625171433,9.107421317968342,9.104868739033948,9.211040127090456,0.0,4.0,"[11.0,1.2468813276507817,2160.0,9.107421317968342,9.104868739033948,9.211040127090456,0.0,4.0]"
315,WI_1,FOODS_1,2015,12,1.2468813276507817,2160,9.26992916338784,8.976767625171433,9.107421317968342,9.104868739033948,0.0,4.0,"[12.0,1.2468813276507817,2160.0,8.976767625171433,9.107421317968342,9.104868739033948,0.0,4.0]"
316,WI_1,FOODS_1,2016,1,1.2468813276507817,2160,9.130864170474386,9.26992916338784,8.976767625171433,9.107421317968342,0.0,5.0,"[1.0,1.2468813276507817,2160.0,9.26992916338784,8.976767625171433,9.107421317968342,0.0,5.0]"
317,WI_1,FOODS_1,2016,2,1.246881327650781,2160,9.053335623166017,9.130864170474386,9.26992916338784,8.976767625171433,0.0,5.0,"[2.0,1.246881327650781,2160.0,9.130864170474386,9.26992916338784,8.976767625171433,0.0,5.0]"
318,WI_1,FOODS_1,2016,3,1.2468813276507817,2160,9.190647738630446,9.053335623166017,9.130864170474386,9.26992916338784,0.0,5.0,"[3.0,1.2468813276507817,2160.0,9.053335623166017,9.130864170474386,9.26992916338784,0.0,5.0]"
319,WI_1,FOODS_1,2016,4,1.2468813276507815,2160,8.931155429778348,9.190647738630446,9.053335623166017,9.130864170474386,0.0,5.0,"[4.0,1.2468813276507815,2160.0,9.190647738630446,9.053335623166017,9.130864170474386,0.0,5.0]"
320,WI_1,FOODS_3,2011,1,1.053476449662674,0,7.9229859587111955,0.0,0.0,0.0,0.0,0.0,"(8,[0,1],[1.0,1.053476449662674])"
321,WI_1,FOODS_3,2011,2,1.053476449662674,8230,9.874882295525794,7.9229859587111955,0.0,0.0,0.0,0.0,"(8,[0,1,2,3],[2.0,1.053476449662674,8230.0,7.9229859587111955])"
322,WI_1,FOODS_3,2011,3,1.0534764496626736,8230,9.879655819282782,9.874882295525794,7.9229859587111955,0.0,0.0,0.0,"[3.0,1.0534764496626736,8230.0,9.874882295525794,7.9229859587111955,0.0,0.0,0.0]"
323,WI_1,FOODS_3,2011,4,1.053476449662674,8230,9.802285047026965,9.879655819282782,9.874882295525794,7.9229859587111955,0.0,0.0,"[4.0,1.053476449662674,8230.0,9.879655819282782,9.874882295525794,7.9229859587111955,0.0,0.0]"
324,WI_1,FOODS_3,2011,5,1.0534764496626736,8230,9.742555598420644,9.802285047026965,9.879655819282782,9.874882295525794,0.0,0.0,"[5.0,1.0534764496626736,8230.0,9.802285047026965,9.879655819282782,9.874882295525794,0.0,0.0]"
325,WI_1,FOODS_3,2011,6,1.053476449662674,8230,9.84506363239841,9.742555598420644,9.802285047026965,9.879655819282782,0.0,0.0,"[6.0,1.053476449662674,8230.0,9.742555598420644,9.802285047026965,9.879655819282782,0.0,0.0]"
326,WI_1,FOODS_3,2011,7,1.0534764496626736,8230,9.909221084383889,9.84506363239841,9.742555598420644,9.802285047026965,0.0,0.0,"[7.0,1.0534764496626736,8230.0,9.84506363239841,9.742555598420644,9.802285047026965,0.0,0.0]"
327,WI_1,FOODS_3,2011,8,1.0534764496626736,8230,9.78931050747373,9.909221084383889,9.84506363239841,9.742555598420644,0.0,0.0,"[8.0,1.0534764496626736,8230.0,9.909221084383889,9.84506363239841,9.742555598420644,0.0,0.0]"
328,WI_1,FOODS_3,2011,9,1.053476449662674,8230,9.815148021212604,9.78931050747373,9.909221084383889,9.84506363239841,0.0,0.0,"[9.0,1.053476449662674,8230.0,9.78931050747373,9.909221084383889,9.84506363239841,0.0,0.0]"
329,WI_1,FOODS_3,2011,10,1.0534764496626736,8230,9.969415732650235,9.815148021212604,9.78931050747373,9.909221084383889,0.0,0.0,"[10.0,1.0534764496626736,8230.0,9.815148021212604,9.78931050747373,9.909221084383889,0.0,0.0]"
330,WI_1,FOODS_3,2011,11,1.053476449662674,8230,9.957833682276242,9.969415732650235,9.815148021212604,9.78931050747373,0.0,0.0,"[11.0,1.053476449662674,8230.0,9.969415732650235,9.815148021212604,9.78931050747373,0.0,0.0]"
331,WI_1,FOODS_3,2011,12,1.0534764496626736,8230,10.041683051287528,9.957833682276242,9.969415732650235,9.815148021212604,0.0,0.0,"[12.0,1.0534764496626736,8230.0,9.957833682276242,9.969415732650235,9.815148021212604,0.0,0.0]"
332,WI_1,FOODS_3,2012,1,1.0534764496626736,8230,9.977945463454137,10.041683051287528,9.957833682276242,9.969415732650235,0.0,1.0,"[1.0,1.0534764496626736,8230.0,10.041683051287528,9.957833682276242,9.969415732650235,0.0,1.0]"
333,WI_1,FOODS_3,2012,2,1.0534764496626745,8230,9.952420563645306,9.977945463454137,10.041683051287528,9.957833682276242,0.0,1.0,"[2.0,1.0534764496626745,8230.0,9.977945463454137,10.041683051287528,9.957833682276242,0.0,1.0]"
334,WI_1,FOODS_3,2012,3,1.0534764496626736,8230,10.055478759522249,9.952420563645306,9.977945463454137,10.041683051287528,0.0,1.0,"[3.0,1.0534764496626736,8230.0,9.952420563645306,9.977945463454137,10.041683051287528,0.0,1.0]"
335,WI_1,FOODS_3,2012,4,1.053476449662674,8230,10.013507197574677,10.055478759522249,9.952420563645306,9.977945463454137,0.0,1.0,"[4.0,1.053476449662674,8230.0,10.055478759522249,9.952420563645306,9.977945463454137,0.0,1.0]"
336,WI_1,FOODS_3,2012,5,1.0534764496626736,8230,10.220631335137528,10.013507197574677,10.055478759522249,9.952420563645306,0.0,1.0,"[5.0,1.0534764496626736,8230.0,10.013507197574677,10.055478759522249,9.952420563645306,0.0,1.0]"
337,WI_1,FOODS_3,2012,6,1.053476449662674,8230,10.280141578790174,10.220631335137528,10.013507197574677,10.055478759522249,0.0,1.0,"[6.0,1.053476449662674,8230.0,10.220631335137528,10.013507197574677,10.055478759522249,0.0,1.0]"
338,WI_1,FOODS_3,2012,7,1.0534764496626736,8230,10.184484831459187,10.280141578790174,10.220631335137528,10.013507197574677,0.0,1.0,"[7.0,1.0534764496626736,8230.0,10.280141578790174,10.220631335137528,10.013507197574677,0.0,1.0]"
339,WI_1,FOODS_3,2012,8,1.0534764496626736,8230,9.982529759876082,10.184484831459187,10.280141578790174,10.220631335137528,0.0,1.0,"[8.0,1.0534764496626736,8230.0,10.184484831459187,10.280141578790174,10.220631335137528,0.0,1.0]"
340,WI_1,FOODS_3,2012,9,1.053476449662674,8230,9.95759687818316,9.982529759876082,10.184484831459187,10.280141578790174,0.0,1.0,"[9.0,1.053476449662674,8230.0,9.982529759876082,10.184484831459187,10.280141578790174,0.0,1.0]"
341,WI_1,FOODS_3,2012,10,1.0534764496626736,8230,9.99888863729938,9.95759687818316,9.982529759876082,10.184484831459187,0.0,1.0,"[10.0,1.0534764496626736,8230.0,9.95759687818316,9.982529759876082,10.184484831459187,0.0,1.0]"
342,WI_1,FOODS_3,2012,11,1.053476449662674,8230,10.596559730283433,9.99888863729938,9.95759687818316,9.982529759876082,0.0,1.0,"[11.0,1.053476449662674,8230.0,9.99888863729938,9.95759687818316,9.982529759876082,0.0,1.0]"
343,WI_1,FOODS_3,2012,12,1.0534764496626736,8230,10.711970331775978,10.596559730283433,9.99888863729938,9.95759687818316,0.0,1.0,"[12.0,1.0534764496626736,8230.0,10.596559730283433,9.99888863729938,9.95759687818316,0.0,1.0]"
344,WI_1,FOODS_3,2013,1,1.0534764496626736,8230,10.57185524173185,10.711970331775978,10.596559730283433,9.99888863729938,0.0,2.0,"[1.0,1.0534764496626736,8230.0,10.711970331775978,10.596559730283433,9.99888863729938,0.0,2.0]"
345,WI_1,FOODS_3,2013,2,1.053476449662674,8230,10.516048127536894,10.57185524173185,10.711970331775978,10.596559730283433,0.0,2.0,"[2.0,1.053476449662674,8230.0,10.57185524173185,10.711970331775978,10.596559730283433,0.0,2.0]"
346,WI_1,FOODS_3,2013,3,1.0534764496626736,8230,10.60174664498225,10.516048127536894,10.57185524173185,10.711970331775978,0.0,2.0,"[3.0,1.0534764496626736,8230.0,10.516048127536894,10.57185524173185,10.711970331775978,0.0,2.0]"
347,WI_1,FOODS_3,2013,4,1.053476449662674,8230,10.435761507507989,10.60174664498225,10.516048127536894,10.57185524173185,0.0,2.0,"[4.0,1.053476449662674,8230.0,10.60174664498225,10.516048127536894,10.57185524173185,0.0,2.0]"
348,WI_1,FOODS_3,2013,5,1.0534764496626736,8230,10.54157118232102,10.435761507507989,10.60174664498225,10.516048127536894,0.0,2.0,"[5.0,1.0534764496626736,8230.0,10.435761507507989,10.60174664498225,10.516048127536894,0.0,2.0]"
349,WI_1,FOODS_3,2013,6,1.053476449662674,8230,10.63106031411106,10.54157118232102,10.435761507507989,10.60174664498225,0.0,2.0,"[6.0,1.053476449662674,8230.0,10.54157118232102,10.435761507507989,10.60174664498225,0.0,2.0]"
350,WI_1,FOODS_3,2013,7,1.0534764496626736,8230,10.643064971973882,10.63106031411106,10.54157118232102,10.435761507507989,0.0,2.0,"[7.0,1.0534764496626736,8230.0,10.63106031411106,10.54157118232102,10.435761507507989,0.0,2.0]"
351,WI_1,FOODS_3,2013,8,1.0534764496626736,8230,10.715750213986235,10.643064971973882,10.63106031411106,10.54157118232102,0.0,2.0,"[8.0,1.0534764496626736,8230.0,10.643064971973882,10.63106031411106,10.54157118232102,0.0,2.0]"
352,WI_1,FOODS_3,2013,9,1.053476449662674,8230,10.679274066616875,10.715750213986235,10.643064971973882,10.63106031411106,0.0,2.0,"[9.0,1.053476449662674,8230.0,10.715750213986235,10.643064971973882,10.63106031411106,0.0,2.0]"
353,WI_1,FOODS_3,2013,10,1.0534764496626736,8230,10.620790616307145,10.679274066616875,10.715750213986235,10.643064971973882,0.0,2.0,"[10.0,1.0534764496626736,8230.0,10.679274066616875,10.715750213986235,10.643064971973882,0.0,2.0]"
354,WI_1,FOODS_3,2013,11,1.053476449662674,8230,10.636023701324445,10.620790616307145,10.679274066616875,10.715750213986235,0.0,2.0,"[11.0,1.053476449662674,8230.0,10.620790616307145,10.679274066616875,10.715750213986235,0.0,2.0]"
355,WI_1,FOODS_3,2013,12,1.0534764496626736,8230,10.727575272356669,10.636023701324445,10.620790616307145,10.679274066616875,0.0,2.0,"[12.0,1.0534764496626736,8230.0,10.636023701324445,10.620790616307145,10.679274066616875,0.0,2.0]"
356,WI_1,FOODS_3,2014,1,1.0534764496626736,8230,10.67435937150647,10.727575272356669,10.636023701324445,10.620790616307145,0.0,3.0,"[1.0,1.0534764496626736,8230.0,10.727575272356669,10.636023701324445,10.620790616307145,0.0,3.0]"
357,WI_1,FOODS_3,2014,2,1.053476449662674,8230,10.572802999842727,10.67435937150647,10.727575272356669,10.636023701324445,0.0,3.0,"[2.0,1.053476449662674,8230.0,10.67435937150647,10.727575272356669,10.636023701324445,0.0,3.0]"
358,WI_1,FOODS_3,2014,3,1.0534764496626736,8230,10.707057414346165,10.572802999842727,10.67435937150647,10.727575272356669,0.0,3.0,"[3.0,1.0534764496626736,8230.0,10.572802999842727,10.67435937150647,10.727575272356669,0.0,3.0]"
359,WI_1,FOODS_3,2014,4,1.053476449662674,8230,10.74138421698227,10.707057414346165,10.572802999842727,10.67435937150647,0.0,3.0,"[4.0,1.053476449662674,8230.0,10.707057414346165,10.572802999842727,10.67435937150647,0.0,3.0]"
360,WI_1,FOODS_3,2014,5,1.0534764496626736,8230,10.796407298087043,10.74138421698227,10.707057414346165,10.572802999842727,0.0,3.0,"[5.0,1.0534764496626736,8230.0,10.74138421698227,10.707057414346165,10.572802999842727,0.0,3.0]"
361,WI_1,FOODS_3,2014,6,1.053476449662674,8230,10.80732101380793,10.796407298087043,10.74138421698227,10.707057414346165,0.0,3.0,"[6.0,1.053476449662674,8230.0,10.796407298087043,10.74138421698227,10.707057414346165,0.0,3.0]"
362,WI_1,FOODS_3,2014,7,1.0534764496626736,8230,10.839522086446879,10.80732101380793,10.796407298087043,10.74138421698227,0.0,3.0,"[7.0,1.0534764496626736,8230.0,10.80732101380793,10.796407298087043,10.74138421698227,0.0,3.0]"
363,WI_1,FOODS_3,2014,8,1.0534764496626736,8230,10.829827620263284,10.839522086446879,10.80732101380793,10.796407298087043,0.0,3.0,"[8.0,1.0534764496626736,8230.0,10.839522086446879,10.80732101380793,10.796407298087043,0.0,3.0]"
364,WI_1,FOODS_3,2014,9,1.053476449662674,8230,10.757392111974188,10.829827620263284,10.839522086446879,10.80732101380793,0.0,3.0,"[9.0,1.053476449662674,8230.0,10.829827620263284,10.839522086446879,10.80732101380793,0.0,3.0]"
365,WI_1,FOODS_3,2014,10,1.0534764496626736,8230,10.748260800197345,10.757392111974188,10.829827620263284,10.839522086446879,0.0,3.0,"[10.0,1.0534764496626736,8230.0,10.757392111974188,10.829827620263284,10.839522086446879,0.0,3.0]"
366,WI_1,FOODS_3,2014,11,1.053476449662674,8230,10.714017688731117,10.748260800197345,10.757392111974188,10.829827620263284,0.0,3.0,"[11.0,1.053476449662674,8230.0,10.748260800197345,10.757392111974188,10.829827620263284,0.0,3.0]"
367,WI_1,FOODS_3,2014,12,1.0534764496626736,8230,10.722716571567151,10.714017688731117,10.748260800197345,10.757392111974188,0.0,3.0,"[12.0,1.0534764496626736,8230.0,10.714017688731117,10.748260800197345,10.757392111974188,0.0,3.0]"
368,WI_1,FOODS_3,2015,1,1.0534764496626736,8230,10.817475635347607,10.722716571567151,10.714017688731117,10.748260800197345,0.0,4.0,"[1.0,1.0534764496626736,8230.0,10.722716571567151,10.714017688731117,10.748260800197345,0.0,4.0]"
369,WI_1,FOODS_3,2015,2,1.053476449662674,8230,10.732715997033832,10.817475635347607,10.722716571567151,10.714017688731117,0.0,4.0,"[2.0,1.053476449662674,8230.0,10.817475635347607,10.722716571567151,10.714017688731117,0.0,4.0]"
370,WI_1,FOODS_3,2015,3,1.0534764496626736,8230,10.742918838113225,10.732715997033832,10.817475635347607,10.722716571567151,0.0,4.0,"[3.0,1.0534764496626736,8230.0,10.732715997033832,10.817475635347607,10.722716571567151,0.0,4.0]"
371,WI_1,FOODS_3,2015,4,1.053476449662674,8230,10.68359194195197,10.742918838113225,10.732715997033832,10.817475635347607,0.0,4.0,"[4.0,1.053476449662674,8230.0,10.742918838113225,10.732715997033832,10.817475635347607,0.0,4.0]"
372,WI_1,FOODS_3,2015,5,1.0534764496626736,8230,10.764984132323145,10.68359194195197,10.742918838113225,10.732715997033832,0.0,4.0,"[5.0,1.0534764496626736,8230.0,10.68359194195197,10.742918838113225,10.732715997033832,0.0,4.0]"
373,WI_1,FOODS_3,2015,6,1.053476449662674,8230,10.766377507683169,10.764984132323145,10.68359194195197,10.742918838113225,0.0,4.0,"[6.0,1.053476449662674,8230.0,10.764984132323145,10.68359194195197,10.742918838113225,0.0,4.0]"
374,WI_1,FOODS_3,2015,7,1.0534764496626736,8230,10.82717089162978,10.766377507683169,10.764984132323145,10.68359194195197,0.0,4.0,"[7.0,1.0534764496626736,8230.0,10.766377507683169,10.764984132323145,10.68359194195197,0.0,4.0]"
375,WI_1,FOODS_3,2015,8,1.0534764496626736,8230,10.748840665985405,10.82717089162978,10.766377507683169,10.764984132323145,0.0,4.0,"[8.0,1.0534764496626736,8230.0,10.82717089162978,10.766377507683169,10.764984132323145,0.0,4.0]"
376,WI_1,FOODS_3,2015,9,1.053476449662674,8230,10.707191723660717,10.748840665985405,10.82717089162978,10.766377507683169,0.0,4.0,"[9.0,1.053476449662674,8230.0,10.748840665985405,10.82717089162978,10.766377507683169,0.0,4.0]"
377,WI_1,FOODS_3,2015,10,1.0534764496626736,8230,10.779976602527347,10.707191723660717,10.748840665985405,10.82717089162978,0.0,4.0,"[10.0,1.0534764496626736,8230.0,10.707191723660717,10.748840665985405,10.82717089162978,0.0,4.0]"
378,WI_1,FOODS_3,2015,11,1.053476449662674,8230,10.67466002253384,10.779976602527347,10.707191723660717,10.748840665985405,0.0,4.0,"[11.0,1.053476449662674,8230.0,10.779976602527347,10.707191723660717,10.748840665985405,0.0,4.0]"
379,WI_1,FOODS_3,2015,12,1.0534764496626736,8230,10.72886840905044,10.67466002253384,10.779976602527347,10.707191723660717,0.0,4.0,"[12.0,1.0534764496626736,8230.0,10.67466002253384,10.779976602527347,10.707191723660717,0.0,4.0]"
380,WI_1,FOODS_3,2016,1,1.0534764496626736,8230,10.795977274224331,10.72886840905044,10.67466002253384,10.779976602527347,0.0,5.0,"[1.0,1.0534764496626736,8230.0,10.72886840905044,10.67466002253384,10.779976602527347,0.0,5.0]"
381,WI_1,FOODS_3,2016,2,1.0534764496626745,8230,10.778372786351612,10.795977274224331,10.72886840905044,10.67466002253384,0.0,5.0,"[2.0,1.0534764496626745,8230.0,10.795977274224331,10.72886840905044,10.67466002253384,0.0,5.0]"
382,WI_1,FOODS_3,2016,3,1.0534764496626736,8230,10.82017820443161,10.778372786351612,10.795977274224331,10.72886840905044,0.0,5.0,"[3.0,1.0534764496626736,8230.0,10.778372786351612,10.795977274224331,10.72886840905044,0.0,5.0]"
383,WI_1,FOODS_3,2016,4,1.053476449662674,8230,10.644066832655934,10.82017820443161,10.778372786351612,10.795977274224331,0.0,5.0,"[4.0,1.053476449662674,8230.0,10.82017820443161,10.778372786351612,10.795977274224331,0.0,5.0]"
384,WI_1,FOODS_2,2011,1,1.4370927784246332,0,5.5909869805108565,0.0,0.0,0.0,0.0,0.0,"(8,[0,1],[1.0,1.4370927784246332])"
385,WI_1,FOODS_2,2011,2,1.4370927784246328,3980,7.51425465281641,5.5909869805108565,0.0,0.0,0.0,0.0,"(8,[0,1,2,3],[2.0,1.4370927784246328,3980.0,5.5909869805108565])"
386,WI_1,FOODS_2,2011,3,1.4370927784246328,3980,7.466227556215481,7.51425465281641,5.5909869805108565,0.0,0.0,0.0,"[3.0,1.4370927784246328,3980.0,7.51425465281641,5.5909869805108565,0.0,0.0,0.0]"
387,WI_1,FOODS_2,2011,4,1.4370927784246335,3980,7.324489979348532,7.466227556215481,7.51425465281641,5.5909869805108565,0.0,0.0,"[4.0,1.4370927784246335,3980.0,7.466227556215481,7.51425465281641,5.5909869805108565,0.0,0.0]"
388,WI_1,FOODS_2,2011,5,1.4370927784246328,3980,7.3987862754199485,7.324489979348532,7.466227556215481,7.51425465281641,0.0,0.0,"[5.0,1.4370927784246328,3980.0,7.324489979348532,7.466227556215481,7.51425465281641,0.0,0.0]"
389,WI_1,FOODS_2,2011,6,1.4370927784246335,3980,7.45182223652793,7.3987862754199485,7.324489979348532,7.466227556215481,0.0,0.0,"[6.0,1.4370927784246335,3980.0,7.3987862754199485,7.324489979348532,7.466227556215481,0.0,0.0]"
390,WI_1,FOODS_2,2011,7,1.4370927784246328,3980,7.354362330421477,7.45182223652793,7.3987862754199485,7.324489979348532,0.0,0.0,"[7.0,1.4370927784246328,3980.0,7.45182223652793,7.3987862754199485,7.324489979348532,0.0,0.0]"
391,WI_1,FOODS_2,2011,8,1.4370927784246328,3980,7.436617265234227,7.354362330421477,7.45182223652793,7.3987862754199485,0.0,0.0,"[8.0,1.4370927784246328,3980.0,7.354362330421477,7.45182223652793,7.3987862754199485,0.0,0.0]"
392,WI_1,FOODS_2,2011,9,1.4370927784246335,3980,7.360739903058278,7.436617265234227,7.354362330421477,7.45182223652793,0.0,0.0,"[9.0,1.4370927784246335,3980.0,7.436617265234227,7.354362330421477,7.45182223652793,0.0,0.0]"
393,WI_1,FOODS_2,2011,10,1.4370927784246328,3980,7.358193752733032,7.360739903058278,7.436617265234227,7.354362330421477,0.0,0.0,"[10.0,1.4370927784246328,3980.0,7.360739903058278,7.436617265234227,7.354362330421477,0.0,0.0]"
394,WI_1,FOODS_2,2011,11,1.4370927784246335,3980,7.266128779556451,7.358193752733032,7.360739903058278,7.436617265234227,0.0,0.0,"[11.0,1.4370927784246335,3980.0,7.358193752733032,7.360739903058278,7.436617265234227,0.0,0.0]"
395,WI_1,FOODS_2,2011,12,1.4370927784246328,3980,7.323170717943469,7.266128779556451,7.358193752733032,7.360739903058278,0.0,0.0,"[12.0,1.4370927784246328,3980.0,7.266128779556451,7.358193752733032,7.360739903058278,0.0,0.0]"
396,WI_1,FOODS_2,2012,1,1.4370927784246328,3980,7.47477218239787,7.323170717943469,7.266128779556451,7.358193752733032,0.0,1.0,"[1.0,1.4370927784246328,3980.0,7.323170717943469,7.266128779556451,7.358193752733032,0.0,1.0]"
397,WI_1,FOODS_2,2012,2,1.4370927784246326,3980,7.174724309836376,7.47477218239787,7.323170717943469,7.266128779556451,0.0,1.0,"[2.0,1.4370927784246326,3980.0,7.47477218239787,7.323170717943469,7.266128779556451,0.0,1.0]"
398,WI_1,FOODS_2,2012,3,1.4370927784246328,3980,7.003065458786462,7.174724309836376,7.47477218239787,7.323170717943469,0.0,1.0,"[3.0,1.4370927784246328,3980.0,7.174724309836376,7.47477218239787,7.323170717943469,0.0,1.0]"
399,WI_1,FOODS_2,2012,4,1.4370927784246335,3980,7.0192966537150445,7.003065458786462,7.174724309836376,7.47477218239787,0.0,1.0,"[4.0,1.4370927784246335,3980.0,7.003065458786462,7.174724309836376,7.47477218239787,0.0,1.0]"
400,WI_1,FOODS_2,2012,5,1.4370927784246328,3980,7.044032897274685,7.0192966537150445,7.003065458786462,7.174724309836376,0.0,1.0,"[5.0,1.4370927784246328,3980.0,7.0192966537150445,7.003065458786462,7.174724309836376,0.0,1.0]"
401,WI_1,FOODS_2,2012,6,1.4370927784246335,3980,6.940222469119639,7.044032897274685,7.0192966537150445,7.003065458786462,0.0,1.0,"[6.0,1.4370927784246335,3980.0,7.044032897274685,7.0192966537150445,7.003065458786462,0.0,1.0]"
402,WI_1,FOODS_2,2012,7,1.4370927784246328,3980,6.961296045910167,6.940222469119639,7.044032897274685,7.0192966537150445,0.0,1.0,"[7.0,1.4370927784246328,3980.0,6.940222469119639,7.044032897274685,7.0192966537150445,0.0,1.0]"
403,WI_1,FOODS_2,2012,8,1.4370927784246328,3980,7.213031659834869,6.961296045910167,6.940222469119639,7.044032897274685,0.0,1.0,"[8.0,1.4370927784246328,3980.0,6.961296045910167,6.940222469119639,7.044032897274685,0.0,1.0]"
404,WI_1,FOODS_2,2012,9,1.4370927784246335,3980,7.253470382684528,7.213031659834869,6.961296045910167,6.940222469119639,0.0,1.0,"[9.0,1.4370927784246335,3980.0,7.213031659834869,6.961296045910167,6.940222469119639,0.0,1.0]"
405,WI_1,FOODS_2,2012,10,1.4370927784246328,3980,7.914617709040679,7.253470382684528,7.213031659834869,6.961296045910167,0.0,1.0,"[10.0,1.4370927784246328,3980.0,7.253470382684528,7.213031659834869,6.961296045910167,0.0,1.0]"
406,WI_1,FOODS_2,2012,11,1.4370927784246335,3980,9.3487971151232,7.914617709040679,7.253470382684528,7.213031659834869,0.0,1.0,"[11.0,1.4370927784246335,3980.0,7.914617709040679,7.253470382684528,7.213031659834869,0.0,1.0]"
407,WI_1,FOODS_2,2012,12,1.4370927784246328,3980,9.352534137679358,9.3487971151232,7.914617709040679,7.253470382684528,0.0,1.0,"[12.0,1.4370927784246328,3980.0,9.3487971151232,7.914617709040679,7.253470382684528,0.0,1.0]"
408,WI_1,FOODS_2,2013,1,1.4370927784246328,3980,9.44643963445061,9.352534137679358,9.3487971151232,7.914617709040679,0.0,2.0,"[1.0,1.4370927784246328,3980.0,9.352534137679358,9.3487971151232,7.914617709040679,0.0,2.0]"
409,WI_1,FOODS_2,2013,2,1.4370927784246328,3980,9.264544425989694,9.44643963445061,9.352534137679358,9.3487971151232,0.0,2.0,"[2.0,1.4370927784246328,3980.0,9.44643963445061,9.352534137679358,9.3487971151232,0.0,2.0]"
410,WI_1,FOODS_2,2013,3,1.4370927784246328,3980,9.2794932306645,9.264544425989694,9.44643963445061,9.352534137679358,0.0,2.0,"[3.0,1.4370927784246328,3980.0,9.264544425989694,9.44643963445061,9.352534137679358,0.0,2.0]"
411,WI_1,FOODS_2,2013,4,1.4370927784246335,3980,9.128696382935672,9.2794932306645,9.264544425989694,9.44643963445061,0.0,2.0,"[4.0,1.4370927784246335,3980.0,9.2794932306645,9.264544425989694,9.44643963445061,0.0,2.0]"
412,WI_1,FOODS_2,2013,5,1.4370927784246328,3980,9.151651375627504,9.128696382935672,9.2794932306645,9.264544425989694,0.0,2.0,"[5.0,1.4370927784246328,3980.0,9.128696382935672,9.2794932306645,9.264544425989694,0.0,2.0]"
413,WI_1,FOODS_2,2013,6,1.4370927784246335,3980,9.219597393238859,9.151651375627504,9.128696382935672,9.2794932306645,0.0,2.0,"[6.0,1.4370927784246335,3980.0,9.151651375627504,9.128696382935672,9.2794932306645,0.0,2.0]"
414,WI_1,FOODS_2,2013,7,1.4370927784246328,3980,9.25569607369698,9.219597393238859,9.151651375627504,9.128696382935672,0.0,2.0,"[7.0,1.4370927784246328,3980.0,9.219597393238859,9.151651375627504,9.128696382935672,0.0,2.0]"
415,WI_1,FOODS_2,2013,8,1.4370927784246328,3980,9.165970424240243,9.25569607369698,9.219597393238859,9.151651375627504,0.0,2.0,"[8.0,1.4370927784246328,3980.0,9.25569607369698,9.219597393238859,9.151651375627504,0.0,2.0]"
416,WI_1,FOODS_2,2013,9,1.4370927784246335,3980,9.227787285579904,9.165970424240243,9.25569607369698,9.219597393238859,0.0,2.0,"[9.0,1.4370927784246335,3980.0,9.165970424240243,9.25569607369698,9.219597393238859,0.0,2.0]"
417,WI_1,FOODS_2,2013,10,1.4370927784246328,3980,9.158941808890182,9.227787285579904,9.165970424240243,9.25569607369698,0.0,2.0,"[10.0,1.4370927784246328,3980.0,9.227787285579904,9.165970424240243,9.25569607369698,0.0,2.0]"
418,WI_1,FOODS_2,2013,11,1.4370927784246335,3980,9.249657234353133,9.158941808890182,9.227787285579904,9.165970424240243,0.0,2.0,"[11.0,1.4370927784246335,3980.0,9.158941808890182,9.227787285579904,9.165970424240243,0.0,2.0]"
419,WI_1,FOODS_2,2013,12,1.4370927784246328,3980,9.239899174217728,9.249657234353133,9.158941808890182,9.227787285579904,0.0,2.0,"[12.0,1.4370927784246328,3980.0,9.249657234353133,9.158941808890182,9.227787285579904,0.0,2.0]"
420,WI_1,FOODS_2,2014,1,1.4370927784246328,3980,9.309189736018352,9.239899174217728,9.249657234353133,9.158941808890182,0.0,3.0,"[1.0,1.4370927784246328,3980.0,9.239899174217728,9.249657234353133,9.158941808890182,0.0,3.0]"
421,WI_1,FOODS_2,2014,2,1.4370927784246328,3980,9.287116210778231,9.309189736018352,9.239899174217728,9.249657234353133,0.0,3.0,"[2.0,1.4370927784246328,3980.0,9.309189736018352,9.239899174217728,9.249657234353133,0.0,3.0]"
422,WI_1,FOODS_2,2014,3,1.4370927784246328,3980,9.36142922633904,9.287116210778231,9.309189736018352,9.239899174217728,0.0,3.0,"[3.0,1.4370927784246328,3980.0,9.287116210778231,9.309189736018352,9.239899174217728,0.0,3.0]"
423,WI_1,FOODS_2,2014,4,1.4370927784246335,3980,9.33970057728189,9.36142922633904,9.287116210778231,9.309189736018352,0.0,3.0,"[4.0,1.4370927784246335,3980.0,9.36142922633904,9.287116210778231,9.309189736018352,0.0,3.0]"
424,WI_1,FOODS_2,2014,5,1.4370927784246328,3980,9.360224821513475,9.33970057728189,9.36142922633904,9.287116210778231,0.0,3.0,"[5.0,1.4370927784246328,3980.0,9.33970057728189,9.36142922633904,9.287116210778231,0.0,3.0]"
425,WI_1,FOODS_2,2014,6,1.4370927784246335,3980,9.364090971782101,9.360224821513475,9.33970057728189,9.36142922633904,0.0,3.0,"[6.0,1.4370927784246335,3980.0,9.360224821513475,9.33970057728189,9.36142922633904,0.0,3.0]"
426,WI_1,FOODS_2,2014,7,1.4370927784246328,3980,9.429154565129164,9.364090971782101,9.360224821513475,9.33970057728189,0.0,3.0,"[7.0,1.4370927784246328,3980.0,9.364090971782101,9.360224821513475,9.33970057728189,0.0,3.0]"
427,WI_1,FOODS_2,2014,8,1.4370927784246328,3980,9.520028524690579,9.429154565129164,9.364090971782101,9.360224821513475,0.0,3.0,"[8.0,1.4370927784246328,3980.0,9.429154565129164,9.364090971782101,9.360224821513475,0.0,3.0]"
428,WI_1,FOODS_2,2014,9,1.4370927784246335,3980,9.46412951340478,9.520028524690579,9.429154565129164,9.364090971782101,0.0,3.0,"[9.0,1.4370927784246335,3980.0,9.520028524690579,9.429154565129164,9.364090971782101,0.0,3.0]"
429,WI_1,FOODS_2,2014,10,1.4370927784246328,3980,9.595194526180222,9.46412951340478,9.520028524690579,9.429154565129164,0.0,3.0,"[10.0,1.4370927784246328,3980.0,9.46412951340478,9.520028524690579,9.429154565129164,0.0,3.0]"
430,WI_1,FOODS_2,2014,11,1.4370927784246335,3980,9.684086987500752,9.595194526180222,9.46412951340478,9.520028524690579,0.0,3.0,"[11.0,1.4370927784246335,3980.0,9.595194526180222,9.46412951340478,9.520028524690579,0.0,3.0]"
431,WI_1,FOODS_2,2014,12,1.4370927784246328,3980,9.593218981411551,9.684086987500752,9.595194526180222,9.46412951340478,0.0,3.0,"[12.0,1.4370927784246328,3980.0,9.684086987500752,9.595194526180222,9.46412951340478,0.0,3.0]"
432,WI_1,FOODS_2,2015,1,1.4370927784246328,3980,9.666371843655035,9.593218981411551,9.684086987500752,9.595194526180222,0.0,4.0,"[1.0,1.4370927784246328,3980.0,9.593218981411551,9.684086987500752,9.595194526180222,0.0,4.0]"
433,WI_1,FOODS_2,2015,2,1.4370927784246328,3980,9.59709825261865,9.666371843655035,9.593218981411551,9.684086987500752,0.0,4.0,"[2.0,1.4370927784246328,3980.0,9.666371843655035,9.593218981411551,9.684086987500752,0.0,4.0]"
434,WI_1,FOODS_2,2015,3,1.4370927784246328,3980,9.703511060503452,9.59709825261865,9.666371843655035,9.593218981411551,0.0,4.0,"[3.0,1.4370927784246328,3980.0,9.59709825261865,9.666371843655035,9.593218981411551,0.0,4.0]"
435,WI_1,FOODS_2,2015,4,1.4370927784246335,3980,9.60723552940128,9.703511060503452,9.59709825261865,9.666371843655035,0.0,4.0,"[4.0,1.4370927784246335,3980.0,9.703511060503452,9.59709825261865,9.666371843655035,0.0,4.0]"
436,WI_1,FOODS_2,2015,5,1.4370927784246328,3980,9.669472621333282,9.60723552940128,9.703511060503452,9.59709825261865,0.0,4.0,"[5.0,1.4370927784246328,3980.0,9.60723552940128,9.703511060503452,9.59709825261865,0.0,4.0]"
437,WI_1,FOODS_2,2015,6,1.4370927784246335,3980,9.583695426166113,9.669472621333282,9.60723552940128,9.703511060503452,0.0,4.0,"[6.0,1.4370927784246335,3980.0,9.669472621333282,9.60723552940128,9.703511060503452,0.0,4.0]"
438,WI_1,FOODS_2,2015,7,1.4370927784246328,3980,9.568853625188556,9.583695426166113,9.669472621333282,9.60723552940128,0.0,4.0,"[7.0,1.4370927784246328,3980.0,9.583695426166113,9.669472621333282,9.60723552940128,0.0,4.0]"
439,WI_1,FOODS_2,2015,8,1.4370927784246328,3980,9.61953186182516,9.568853625188556,9.583695426166113,9.669472621333282,0.0,4.0,"[8.0,1.4370927784246328,3980.0,9.568853625188556,9.583695426166113,9.669472621333282,0.0,4.0]"
440,WI_1,FOODS_2,2015,9,1.4370927784246335,3980,9.648917831534549,9.61953186182516,9.568853625188556,9.583695426166113,0.0,4.0,"[9.0,1.4370927784246335,3980.0,9.61953186182516,9.568853625188556,9.583695426166113,0.0,4.0]"
441,WI_1,FOODS_2,2015,10,1.4370927784246328,3980,9.862717639992917,9.648917831534549,9.61953186182516,9.568853625188556,0.0,4.0,"[10.0,1.4370927784246328,3980.0,9.648917831534549,9.61953186182516,9.568853625188556,0.0,4.0]"
442,WI_1,FOODS_2,2015,11,1.4370927784246335,3980,9.808737215990318,9.862717639992917,9.648917831534549,9.61953186182516,0.0,4.0,"[11.0,1.4370927784246335,3980.0,9.862717639992917,9.648917831534549,9.61953186182516,0.0,4.0]"
443,WI_1,FOODS_2,2015,12,1.4370927784246328,3980,9.855976569865076,9.808737215990318,9.862717639992917,9.648917831534549,0.0,4.0,"[12.0,1.4370927784246328,3980.0,9.808737215990318,9.862717639992917,9.648917831534549,0.0,4.0]"
444,WI_1,FOODS_2,2016,1,1.4370927784246328,3980,9.920393832602487,9.855976569865076,9.808737215990318,9.862717639992917,0.0,5.0,"[1.0,1.4370927784246328,3980.0,9.855976569865076,9.808737215990318,9.862717639992917,0.0,5.0]"
445,WI_1,FOODS_2,2016,2,1.4370927784246326,3980,9.884508585938326,9.920393832602487,9.855976569865076,9.808737215990318,0.0,5.0,"[2.0,1.4370927784246326,3980.0,9.920393832602487,9.855976569865076,9.808737215990318,0.0,5.0]"
446,WI_1,FOODS_2,2016,3,1.4370927784246328,3980,9.899077844047428,9.884508585938326,9.920393832602487,9.855976569865076,0.0,5.0,"[3.0,1.4370927784246328,3980.0,9.884508585938326,9.920393832602487,9.855976569865076,0.0,5.0]"
447,WI_1,FOODS_2,2016,4,1.4370927784246332,3980,9.727525729694754,9.899077844047428,9.884508585938326,9.920393832602487,0.0,5.0,"[4.0,1.4370927784246332,3980.0,9.899077844047428,9.884508585938326,9.920393832602487,0.0,5.0]"
